trial,problem_size,algorithm,cost_km,runtime_s
0,50,Nearest Neighbor,6382.88,0.0
0,50,Ant Colony Optimization,2996.21,7.59
0,50,Lib Optimization,2996.21,0.06
1,50,Nearest Neighbor,3706.09,0.0
1,50,Ant Colony Optimization,2669.4,7.9
1,50,Lib Optimization,2669.4,0.07
2,50,Nearest Neighbor,4471.27,0.0
2,50,Ant Colony Optimization,3304.54,7.9
2,50,Lib Optimization,3304.54,0.09
3,50,Nearest Neighbor,7257.68,0.0
3,50,Ant Colony Optimization,3008.06,8.14
3,50,Lib Optimization,3008.06,0.09
4,50,Nearest Neighbor,7663.11,0.0
4,50,Ant Colony Optimization,2860.72,8.4
4,50,Lib Optimization,2860.72,0.05
5,50,Nearest Neighbor,3216.94,0.0
5,50,Ant Colony Optimization,2986.55,8.09
5,50,Lib Optimization,2986.55,0.07
6,50,Nearest Neighbor,5535.29,0.0
6,50,Ant Colony Optimization,3280.58,7.79
6,50,Lib Optimization,3280.58,0.08
7,50,Nearest Neighbor,5382.83,0.0
7,50,Ant Colony Optimization,3033.33,7.93
7,50,Lib Optimization,3033.33,0.08
8,50,Nearest Neighbor,18082.69,0.0
8,50,Ant Colony Optimization,3097.87,8.14
8,50,Lib Optimization,3097.87,0.08
9,50,Nearest Neighbor,5015.01,0.0
9,50,Ant Colony Optimization,3249.19,7.73
9,50,Lib Optimization,3249.19,0.06
10,50,Nearest Neighbor,6800.51,0.0
10,50,Ant Colony Optimization,2914.14,7.79
10,50,Lib Optimization,2914.14,0.06
11,50,Nearest Neighbor,7014.62,0.0
11,50,Ant Colony Optimization,3087.09,7.85
11,50,Lib Optimization,3087.09,0.05
12,50,Nearest Neighbor,5289.5,0.0
12,50,Ant Colony Optimization,2992.06,7.84
12,50,Lib Optimization,2992.06,0.07
13,50,Nearest Neighbor,7647.17,0.0
13,50,Ant Colony Optimization,3079.77,7.81
13,50,Lib Optimization,3079.77,0.06
14,50,Nearest Neighbor,4545.06,0.0
14,50,Ant Colony Optimization,3193.79,7.86
14,50,Lib Optimization,3193.79,0.1
15,50,Nearest Neighbor,6144.54,0.0
15,50,Ant Colony Optimization,3086.91,7.81
15,50,Lib Optimization,3086.91,0.06
16,50,Nearest Neighbor,5419.67,0.0
16,50,Ant Colony Optimization,2864.28,7.87
16,50,Lib Optimization,2864.28,0.06
17,50,Nearest Neighbor,19585.55,0.0
17,50,Ant Colony Optimization,3696.24,7.82
17,50,Lib Optimization,3696.24,0.11
18,50,Nearest Neighbor,4601.61,0.0
18,50,Ant Colony Optimization,2863.74,7.83
18,50,Lib Optimization,2863.74,0.07
19,50,Nearest Neighbor,4910.19,0.0
19,50,Ant Colony Optimization,2871.69,7.81
19,50,Lib Optimization,2871.69,0.08
20,50,Nearest Neighbor,6029.0,0.0
20,50,Ant Colony Optimization,3073.63,7.97
20,50,Lib Optimization,3073.63,0.1
21,50,Nearest Neighbor,10032.46,0.0
21,50,Ant Colony Optimization,3069.14,7.91
21,50,Lib Optimization,3069.14,0.08
22,50,Nearest Neighbor,12709.2,0.0
22,50,Ant Colony Optimization,3221.87,7.91
22,50,Lib Optimization,3221.87,0.07
23,50,Nearest Neighbor,10523.54,0.0
23,50,Ant Colony Optimization,2994.52,7.88
23,50,Lib Optimization,2994.52,0.1
24,50,Nearest Neighbor,6361.53,0.0
24,50,Ant Colony Optimization,2848.71,7.87
24,50,Lib Optimization,2848.71,0.06
25,50,Nearest Neighbor,6833.91,0.0
25,50,Ant Colony Optimization,3128.67,7.89
25,50,Lib Optimization,3128.67,0.1
26,50,Nearest Neighbor,5462.68,0.0
26,50,Ant Colony Optimization,3314.75,7.93
26,50,Lib Optimization,3314.75,0.08
27,50,Nearest Neighbor,4331.56,0.0
27,50,Ant Colony Optimization,2758.11,7.96
27,50,Lib Optimization,2758.11,0.06
28,50,Nearest Neighbor,5834.29,0.0
28,50,Ant Colony Optimization,2813.0,7.99
28,50,Lib Optimization,2813.0,0.07
29,50,Nearest Neighbor,16082.88,0.0
29,50,Ant Colony Optimization,3465.18,7.88
29,50,Lib Optimization,3465.18,0.12
30,50,Nearest Neighbor,5682.48,0.0
30,50,Ant Colony Optimization,2592.89,7.95
30,50,Lib Optimization,2592.89,0.07
31,50,Nearest Neighbor,6153.74,0.0
31,50,Ant Colony Optimization,2446.61,7.93
31,50,Lib Optimization,2446.61,0.11
32,50,Nearest Neighbor,5325.06,0.0
32,50,Ant Colony Optimization,3516.52,7.88
32,50,Lib Optimization,3516.52,0.07
33,50,Nearest Neighbor,7661.21,0.0
33,50,Ant Colony Optimization,2868.65,7.9
33,50,Lib Optimization,2868.65,0.09
34,50,Nearest Neighbor,4589.78,0.0
34,50,Ant Colony Optimization,2922.84,7.99
34,50,Lib Optimization,2922.84,0.09
35,50,Nearest Neighbor,6913.9,0.0
35,50,Ant Colony Optimization,2779.7,7.97
35,50,Lib Optimization,2779.7,0.06
36,50,Nearest Neighbor,3436.0,0.0
36,50,Ant Colony Optimization,2661.2,7.86
36,50,Lib Optimization,2661.2,0.07
37,50,Nearest Neighbor,5801.92,0.0
37,50,Ant Colony Optimization,2794.31,7.94
37,50,Lib Optimization,2794.31,0.07
38,50,Nearest Neighbor,6931.31,0.0
38,50,Ant Colony Optimization,2719.25,7.99
38,50,Lib Optimization,2719.25,0.06
39,50,Nearest Neighbor,7650.3,0.0
39,50,Ant Colony Optimization,3250.23,7.91
39,50,Lib Optimization,3250.23,0.07
40,50,Nearest Neighbor,11901.08,0.0
40,50,Ant Colony Optimization,3152.55,7.98
40,50,Lib Optimization,3152.55,0.06
41,50,Nearest Neighbor,5887.78,0.0
41,50,Ant Colony Optimization,3195.86,7.91
41,50,Lib Optimization,3195.86,0.09
42,50,Nearest Neighbor,5361.62,0.0
42,50,Ant Colony Optimization,2980.38,7.99
42,50,Lib Optimization,2980.38,0.1
43,50,Nearest Neighbor,4927.26,0.0
43,50,Ant Colony Optimization,2491.56,7.9
43,50,Lib Optimization,2491.56,0.07
44,50,Nearest Neighbor,7501.38,0.0
44,50,Ant Colony Optimization,3264.24,7.9
44,50,Lib Optimization,3264.24,0.07
45,50,Nearest Neighbor,5689.74,0.0
45,50,Ant Colony Optimization,3024.02,7.96
45,50,Lib Optimization,3024.02,0.08
46,50,Nearest Neighbor,4843.27,0.0
46,50,Ant Colony Optimization,3109.67,7.94
46,50,Lib Optimization,3109.67,0.09
47,50,Nearest Neighbor,4711.95,0.0
47,50,Ant Colony Optimization,3450.29,7.94
47,50,Lib Optimization,3450.29,0.07
48,50,Nearest Neighbor,4256.34,0.0
48,50,Ant Colony Optimization,3022.41,7.93
48,50,Lib Optimization,3022.41,0.08
49,50,Nearest Neighbor,15488.18,0.0
49,50,Ant Colony Optimization,3195.12,7.95
49,50,Lib Optimization,3195.12,0.11
50,50,Nearest Neighbor,9880.14,0.0
50,50,Ant Colony Optimization,2926.37,7.86
50,50,Lib Optimization,2926.37,0.08
51,50,Nearest Neighbor,7620.81,0.0
51,50,Ant Colony Optimization,3155.28,7.95
51,50,Lib Optimization,3155.28,0.09
52,50,Nearest Neighbor,7537.35,0.0
52,50,Ant Colony Optimization,2496.22,8.09
52,50,Lib Optimization,2496.22,0.11
53,50,Nearest Neighbor,5715.83,0.0
53,50,Ant Colony Optimization,2766.3,8.12
53,50,Lib Optimization,2766.3,0.07
54,50,Nearest Neighbor,4356.65,0.0
54,50,Ant Colony Optimization,3469.18,7.93
54,50,Lib Optimization,3469.18,0.09
55,50,Nearest Neighbor,5881.01,0.0
55,50,Ant Colony Optimization,2607.77,7.92
55,50,Lib Optimization,2607.77,0.1
56,50,Nearest Neighbor,5448.01,0.0
56,50,Ant Colony Optimization,3037.89,7.86
56,50,Lib Optimization,3037.89,0.08
57,50,Nearest Neighbor,5522.66,0.0
57,50,Ant Colony Optimization,2980.1,7.93
57,50,Lib Optimization,2980.1,0.06
58,50,Nearest Neighbor,8659.33,0.0
58,50,Ant Colony Optimization,2978.98,7.86
58,50,Lib Optimization,2978.98,0.08
59,50,Nearest Neighbor,6838.84,0.0
59,50,Ant Colony Optimization,3402.12,7.83
59,50,Lib Optimization,3402.12,0.08
60,50,Nearest Neighbor,5288.38,0.0
60,50,Ant Colony Optimization,2362.83,7.87
60,50,Lib Optimization,2362.83,0.06
61,50,Nearest Neighbor,6193.92,0.0
61,50,Ant Colony Optimization,2887.03,7.89
61,50,Lib Optimization,2887.03,0.07
62,50,Nearest Neighbor,6728.03,0.0
62,50,Ant Colony Optimization,3004.66,7.83
62,50,Lib Optimization,3004.66,0.08
63,50,Nearest Neighbor,7271.16,0.0
63,50,Ant Colony Optimization,2741.79,7.82
63,50,Lib Optimization,2741.79,0.05
64,50,Nearest Neighbor,5004.98,0.0
64,50,Ant Colony Optimization,3168.95,7.9
64,50,Lib Optimization,3168.95,0.08
65,50,Nearest Neighbor,5353.83,0.0
65,50,Ant Colony Optimization,2728.96,7.93
65,50,Lib Optimization,2728.96,0.07
66,50,Nearest Neighbor,5647.91,0.0
66,50,Ant Colony Optimization,3009.81,7.83
66,50,Lib Optimization,3009.81,0.08
67,50,Nearest Neighbor,4281.12,0.0
67,50,Ant Colony Optimization,2660.75,7.9
67,50,Lib Optimization,2660.75,0.07
68,50,Nearest Neighbor,4564.36,0.0
68,50,Ant Colony Optimization,2647.69,7.93
68,50,Lib Optimization,2647.69,0.09
69,50,Nearest Neighbor,4168.53,0.0
69,50,Ant Colony Optimization,2740.82,7.89
69,50,Lib Optimization,2740.82,0.07
70,50,Nearest Neighbor,4809.11,0.0
70,50,Ant Colony Optimization,2872.04,7.86
70,50,Lib Optimization,2872.04,0.12
71,50,Nearest Neighbor,4294.34,0.0
71,50,Ant Colony Optimization,3452.91,7.87
71,50,Lib Optimization,3452.91,0.11
72,50,Nearest Neighbor,9243.57,0.0
72,50,Ant Colony Optimization,2955.01,7.93
72,50,Lib Optimization,2955.01,0.08
73,50,Nearest Neighbor,6766.13,0.0
73,50,Ant Colony Optimization,2660.3,7.89
73,50,Lib Optimization,2660.3,0.07
74,50,Nearest Neighbor,4412.03,0.0
74,50,Ant Colony Optimization,2932.23,7.84
74,50,Lib Optimization,2932.23,0.12
75,50,Nearest Neighbor,4412.08,0.0
75,50,Ant Colony Optimization,2980.23,7.86
75,50,Lib Optimization,2980.23,0.11
76,50,Nearest Neighbor,5861.61,0.0
76,50,Ant Colony Optimization,2967.52,7.84
76,50,Lib Optimization,2967.52,0.06
77,50,Nearest Neighbor,2750.87,0.0
77,50,Ant Colony Optimization,2638.63,7.86
77,50,Lib Optimization,2638.63,0.06
78,50,Nearest Neighbor,8512.97,0.0
78,50,Ant Colony Optimization,2618.9,7.84
78,50,Lib Optimization,2618.9,0.06
79,50,Nearest Neighbor,12861.69,0.0
79,50,Ant Colony Optimization,3250.49,7.89
79,50,Lib Optimization,3250.49,0.09
80,50,Nearest Neighbor,6678.84,0.0
80,50,Ant Colony Optimization,2847.24,7.92
80,50,Lib Optimization,2847.24,0.08
81,50,Nearest Neighbor,6542.89,0.0
81,50,Ant Colony Optimization,2942.71,7.84
81,50,Lib Optimization,2942.71,0.08
82,50,Nearest Neighbor,5569.75,0.0
82,50,Ant Colony Optimization,2709.59,7.9
82,50,Lib Optimization,2709.59,0.07
83,50,Nearest Neighbor,9351.91,0.0
83,50,Ant Colony Optimization,2941.33,7.87
83,50,Lib Optimization,2941.33,0.07
84,50,Nearest Neighbor,10771.21,0.0
84,50,Ant Colony Optimization,2830.83,7.8
84,50,Lib Optimization,2830.83,0.08
85,50,Nearest Neighbor,4502.31,0.0
85,50,Ant Colony Optimization,3098.38,7.84
85,50,Lib Optimization,3098.38,0.11
86,50,Nearest Neighbor,4074.55,0.0
86,50,Ant Colony Optimization,2882.5,7.81
86,50,Lib Optimization,2882.5,0.06
87,50,Nearest Neighbor,3570.02,0.0
87,50,Ant Colony Optimization,2643.45,7.95
87,50,Lib Optimization,2643.45,0.06
88,50,Nearest Neighbor,8054.08,0.0
88,50,Ant Colony Optimization,2456.59,7.79
88,50,Lib Optimization,2456.59,0.07
89,50,Nearest Neighbor,7445.53,0.0
89,50,Ant Colony Optimization,3388.1,7.86
89,50,Lib Optimization,3388.1,0.07
90,50,Nearest Neighbor,5774.56,0.0
90,50,Ant Colony Optimization,2760.11,7.94
90,50,Lib Optimization,2760.11,0.06
91,50,Nearest Neighbor,3693.34,0.0
91,50,Ant Colony Optimization,2783.58,8.52
91,50,Lib Optimization,2783.58,0.09
92,50,Nearest Neighbor,4757.33,0.0
92,50,Ant Colony Optimization,2950.63,8.24
92,50,Lib Optimization,2950.63,0.12
93,50,Nearest Neighbor,5274.53,0.0
93,50,Ant Colony Optimization,3035.92,7.91
93,50,Lib Optimization,3035.92,0.13
94,50,Nearest Neighbor,5027.14,0.0
94,50,Ant Colony Optimization,3621.34,7.95
94,50,Lib Optimization,3621.34,0.08
95,50,Nearest Neighbor,5742.32,0.0
95,50,Ant Colony Optimization,2925.13,7.74
95,50,Lib Optimization,2925.13,0.08
96,50,Nearest Neighbor,7793.26,0.0
96,50,Ant Colony Optimization,2938.02,7.71
96,50,Lib Optimization,2938.02,0.08
97,50,Nearest Neighbor,5906.87,0.0
97,50,Ant Colony Optimization,3243.48,7.73
97,50,Lib Optimization,3243.48,0.08
98,50,Nearest Neighbor,3843.36,0.0
98,50,Ant Colony Optimization,2994.33,7.67
98,50,Lib Optimization,2994.33,0.04
99,50,Nearest Neighbor,4755.36,0.0
99,50,Ant Colony Optimization,3075.97,7.75
99,50,Lib Optimization,3075.97,0.07
100,50,Nearest Neighbor,7142.51,0.0
100,50,Ant Colony Optimization,3427.57,7.77
100,50,Lib Optimization,3427.57,0.06
101,50,Nearest Neighbor,5409.7,0.0
101,50,Ant Colony Optimization,3604.7,7.75
101,50,Lib Optimization,3604.7,0.09
102,50,Nearest Neighbor,13540.33,0.0
102,50,Ant Colony Optimization,2642.66,7.68
102,50,Lib Optimization,2642.66,0.06
103,50,Nearest Neighbor,4094.42,0.0
103,50,Ant Colony Optimization,2702.75,7.74
103,50,Lib Optimization,2702.75,0.09
104,50,Nearest Neighbor,5914.07,0.0
104,50,Ant Colony Optimization,2926.09,7.69
104,50,Lib Optimization,2926.09,0.07
105,50,Nearest Neighbor,3993.06,0.0
105,50,Ant Colony Optimization,2856.73,7.7
105,50,Lib Optimization,2856.73,0.07
106,50,Nearest Neighbor,4415.77,0.0
106,50,Ant Colony Optimization,3324.73,7.69
106,50,Lib Optimization,3324.73,0.09
107,50,Nearest Neighbor,3663.36,0.0
107,50,Ant Colony Optimization,2905.8,7.71
107,50,Lib Optimization,2905.8,0.08
108,50,Nearest Neighbor,5960.65,0.0
108,50,Ant Colony Optimization,2339.87,7.7
108,50,Lib Optimization,2339.87,0.08
109,50,Nearest Neighbor,4763.5,0.0
109,50,Ant Colony Optimization,3101.03,7.76
109,50,Lib Optimization,3101.03,0.1
110,50,Nearest Neighbor,6116.65,0.0
110,50,Ant Colony Optimization,3240.71,7.78
110,50,Lib Optimization,3240.71,0.07
111,50,Nearest Neighbor,4268.09,0.0
111,50,Ant Colony Optimization,2811.32,7.69
111,50,Lib Optimization,2811.32,0.09
112,50,Nearest Neighbor,12432.17,0.0
112,50,Ant Colony Optimization,3213.88,7.71
112,50,Lib Optimization,3213.88,0.07
113,50,Nearest Neighbor,4114.29,0.0
113,50,Ant Colony Optimization,2537.07,7.72
113,50,Lib Optimization,2537.07,0.07
114,50,Nearest Neighbor,6338.41,0.0
114,50,Ant Colony Optimization,3526.62,7.73
114,50,Lib Optimization,3526.62,0.08
115,50,Nearest Neighbor,6055.05,0.0
115,50,Ant Colony Optimization,3140.59,7.72
115,50,Lib Optimization,3140.59,0.08
116,50,Nearest Neighbor,7616.35,0.0
116,50,Ant Colony Optimization,3194.39,7.69
116,50,Lib Optimization,3194.39,0.09
117,50,Nearest Neighbor,4552.39,0.0
117,50,Ant Colony Optimization,3248.78,7.75
117,50,Lib Optimization,3248.78,0.05
118,50,Nearest Neighbor,4521.1,0.0
118,50,Ant Colony Optimization,3104.59,7.72
118,50,Lib Optimization,3104.59,0.08
119,50,Nearest Neighbor,5350.26,0.0
119,50,Ant Colony Optimization,3130.29,7.7
119,50,Lib Optimization,3130.29,0.06
120,50,Nearest Neighbor,6683.14,0.0
120,50,Ant Colony Optimization,2835.02,7.71
120,50,Lib Optimization,2835.02,0.1
121,50,Nearest Neighbor,6070.79,0.0
121,50,Ant Colony Optimization,3869.49,7.69
121,50,Lib Optimization,3869.49,0.1
122,50,Nearest Neighbor,5657.82,0.0
122,50,Ant Colony Optimization,3096.08,7.68
122,50,Lib Optimization,3096.08,0.07
123,50,Nearest Neighbor,7862.64,0.0
123,50,Ant Colony Optimization,3228.46,7.75
123,50,Lib Optimization,3228.46,0.07
124,50,Nearest Neighbor,5394.35,0.0
124,50,Ant Colony Optimization,3295.47,7.69
124,50,Lib Optimization,3295.47,0.1
125,50,Nearest Neighbor,4114.02,0.0
125,50,Ant Colony Optimization,2662.89,7.78
125,50,Lib Optimization,2662.89,0.06
126,50,Nearest Neighbor,7828.28,0.0
126,50,Ant Colony Optimization,2913.05,7.74
126,50,Lib Optimization,2913.05,0.07
127,50,Nearest Neighbor,3724.35,0.0
127,50,Ant Colony Optimization,2441.31,7.74
127,50,Lib Optimization,2441.31,0.08
128,50,Nearest Neighbor,5976.17,0.0
128,50,Ant Colony Optimization,2581.25,7.73
128,50,Lib Optimization,2581.25,0.09
129,50,Nearest Neighbor,6676.9,0.0
129,50,Ant Colony Optimization,2979.38,7.73
129,50,Lib Optimization,2979.38,0.09
130,50,Nearest Neighbor,6806.99,0.0
130,50,Ant Colony Optimization,3081.15,7.66
130,50,Lib Optimization,3081.15,0.08
131,50,Nearest Neighbor,6148.46,0.0
131,50,Ant Colony Optimization,2763.23,7.71
131,50,Lib Optimization,2763.23,0.06
132,50,Nearest Neighbor,5549.57,0.0
132,50,Ant Colony Optimization,2980.92,7.76
132,50,Lib Optimization,2980.92,0.07
133,50,Nearest Neighbor,6170.2,0.0
133,50,Ant Colony Optimization,3058.79,7.76
133,50,Lib Optimization,3058.79,0.05
134,50,Nearest Neighbor,5800.32,0.0
134,50,Ant Colony Optimization,3378.73,7.72
134,50,Lib Optimization,3378.73,0.1
135,50,Nearest Neighbor,6338.97,0.0
135,50,Ant Colony Optimization,2973.65,7.74
135,50,Lib Optimization,2973.65,0.07
136,50,Nearest Neighbor,8024.08,0.0
136,50,Ant Colony Optimization,3437.52,7.68
136,50,Lib Optimization,3437.52,0.07
137,50,Nearest Neighbor,5378.42,0.0
137,50,Ant Colony Optimization,3075.91,7.71
137,50,Lib Optimization,3075.91,0.04
138,50,Nearest Neighbor,5429.37,0.0
138,50,Ant Colony Optimization,3511.23,7.67
138,50,Lib Optimization,3511.23,0.12
139,50,Nearest Neighbor,3525.03,0.0
139,50,Ant Colony Optimization,2989.86,7.68
139,50,Lib Optimization,2989.86,0.04
140,50,Nearest Neighbor,5009.1,0.0
140,50,Ant Colony Optimization,2592.53,7.74
140,50,Lib Optimization,2592.53,0.07
141,50,Nearest Neighbor,4266.42,0.0
141,50,Ant Colony Optimization,2725.17,7.78
141,50,Lib Optimization,2725.17,0.1
142,50,Nearest Neighbor,8370.31,0.0
142,50,Ant Colony Optimization,3235.23,7.72
142,50,Lib Optimization,3235.23,0.09
143,50,Nearest Neighbor,5077.14,0.0
143,50,Ant Colony Optimization,2704.57,7.73
143,50,Lib Optimization,2704.57,0.08
144,50,Nearest Neighbor,6780.0,0.0
144,50,Ant Colony Optimization,2998.89,7.69
144,50,Lib Optimization,2998.89,0.1
145,50,Nearest Neighbor,9973.12,0.0
145,50,Ant Colony Optimization,2908.28,7.74
145,50,Lib Optimization,2908.28,0.03
146,50,Nearest Neighbor,6904.99,0.0
146,50,Ant Colony Optimization,3150.39,7.71
146,50,Lib Optimization,3150.39,0.07
147,50,Nearest Neighbor,6257.08,0.0
147,50,Ant Colony Optimization,2926.23,7.71
147,50,Lib Optimization,2926.23,0.06
148,50,Nearest Neighbor,14462.72,0.0
148,50,Ant Colony Optimization,3251.18,7.74
148,50,Lib Optimization,3251.18,0.08
149,50,Nearest Neighbor,5191.61,0.0
149,50,Ant Colony Optimization,3442.16,7.74
149,50,Lib Optimization,3442.16,0.07
150,50,Nearest Neighbor,8359.2,0.0
150,50,Ant Colony Optimization,2610.6,7.73
150,50,Lib Optimization,2610.6,0.08
151,50,Nearest Neighbor,6892.36,0.0
151,50,Ant Colony Optimization,2967.04,7.75
151,50,Lib Optimization,2967.04,0.07
152,50,Nearest Neighbor,4799.98,0.0
152,50,Ant Colony Optimization,2474.37,7.78
152,50,Lib Optimization,2474.37,0.05
153,50,Nearest Neighbor,4333.07,0.0
153,50,Ant Colony Optimization,3100.76,7.72
153,50,Lib Optimization,3100.76,0.08
154,50,Nearest Neighbor,7555.76,0.0
154,50,Ant Colony Optimization,3055.44,7.71
154,50,Lib Optimization,3055.44,0.06
155,50,Nearest Neighbor,6303.44,0.0
155,50,Ant Colony Optimization,2151.52,7.73
155,50,Lib Optimization,2151.52,0.11
156,50,Nearest Neighbor,5752.82,0.0
156,50,Ant Colony Optimization,2894.23,7.77
156,50,Lib Optimization,2894.23,0.11
157,50,Nearest Neighbor,6099.46,0.0
157,50,Ant Colony Optimization,3451.92,7.7
157,50,Lib Optimization,3451.92,0.08
158,50,Nearest Neighbor,4651.17,0.0
158,50,Ant Colony Optimization,2863.19,7.65
158,50,Lib Optimization,2863.19,0.06
159,50,Nearest Neighbor,11683.81,0.0
159,50,Ant Colony Optimization,3215.74,7.71
159,50,Lib Optimization,3215.74,0.07
160,50,Nearest Neighbor,5947.75,0.0
160,50,Ant Colony Optimization,3205.0,7.72
160,50,Lib Optimization,3205.0,0.08
161,50,Nearest Neighbor,5000.4,0.0
161,50,Ant Colony Optimization,3210.93,7.7
161,50,Lib Optimization,3210.93,0.12
162,50,Nearest Neighbor,9805.46,0.0
162,50,Ant Colony Optimization,3336.71,7.76
162,50,Lib Optimization,3336.71,0.07
163,50,Nearest Neighbor,5436.77,0.0
163,50,Ant Colony Optimization,3064.23,7.68
163,50,Lib Optimization,3064.23,0.07
164,50,Nearest Neighbor,11165.36,0.0
164,50,Ant Colony Optimization,2932.73,7.72
164,50,Lib Optimization,2932.73,0.06
165,50,Nearest Neighbor,5176.07,0.0
165,50,Ant Colony Optimization,2715.88,7.71
165,50,Lib Optimization,2715.88,0.08
166,50,Nearest Neighbor,5483.22,0.0
166,50,Ant Colony Optimization,3590.19,7.76
166,50,Lib Optimization,3590.19,0.07
167,50,Nearest Neighbor,4319.81,0.0
167,50,Ant Colony Optimization,2927.2,7.68
167,50,Lib Optimization,2927.2,0.09
168,50,Nearest Neighbor,5779.11,0.0
168,50,Ant Colony Optimization,2926.27,7.74
168,50,Lib Optimization,2926.27,0.08
169,50,Nearest Neighbor,7461.51,0.0
169,50,Ant Colony Optimization,3024.08,7.76
169,50,Lib Optimization,3024.08,0.08
170,50,Nearest Neighbor,5160.91,0.0
170,50,Ant Colony Optimization,2895.47,7.74
170,50,Lib Optimization,2895.47,0.08
171,50,Nearest Neighbor,13326.14,0.0
171,50,Ant Colony Optimization,3059.28,7.78
171,50,Lib Optimization,3059.28,0.1
172,50,Nearest Neighbor,5079.39,0.0
172,50,Ant Colony Optimization,3627.27,7.71
172,50,Lib Optimization,3627.27,0.05
173,50,Nearest Neighbor,5068.16,0.0
173,50,Ant Colony Optimization,2903.12,7.72
173,50,Lib Optimization,2903.12,0.1
174,50,Nearest Neighbor,4219.01,0.0
174,50,Ant Colony Optimization,3031.35,7.74
174,50,Lib Optimization,3031.35,0.09
175,50,Nearest Neighbor,7413.94,0.0
175,50,Ant Colony Optimization,3131.8,7.73
175,50,Lib Optimization,3131.8,0.08
176,50,Nearest Neighbor,3345.53,0.0
176,50,Ant Colony Optimization,3017.2,7.74
176,50,Lib Optimization,3017.2,0.05
177,50,Nearest Neighbor,3734.22,0.0
177,50,Ant Colony Optimization,2952.24,7.66
177,50,Lib Optimization,2952.24,0.06
178,50,Nearest Neighbor,6209.25,0.0
178,50,Ant Colony Optimization,2573.01,7.69
178,50,Lib Optimization,2573.01,0.09
179,50,Nearest Neighbor,5922.8,0.0
179,50,Ant Colony Optimization,2692.65,7.71
179,50,Lib Optimization,2692.65,0.08
180,50,Nearest Neighbor,8088.14,0.0
180,50,Ant Colony Optimization,2595.97,7.67
180,50,Lib Optimization,2595.97,0.08
181,50,Nearest Neighbor,4487.48,0.0
181,50,Ant Colony Optimization,2406.8,7.72
181,50,Lib Optimization,2406.8,0.06
182,50,Nearest Neighbor,11758.66,0.0
182,50,Ant Colony Optimization,3293.16,7.74
182,50,Lib Optimization,3293.16,0.12
183,50,Nearest Neighbor,8231.57,0.0
183,50,Ant Colony Optimization,3622.34,7.77
183,50,Lib Optimization,3622.34,0.08
184,50,Nearest Neighbor,4846.95,0.0
184,50,Ant Colony Optimization,3017.26,7.63
184,50,Lib Optimization,3017.26,0.04
185,50,Nearest Neighbor,7452.11,0.0
185,50,Ant Colony Optimization,2851.12,7.66
185,50,Lib Optimization,2851.12,0.07
186,50,Nearest Neighbor,8401.43,0.0
186,50,Ant Colony Optimization,3097.25,7.71
186,50,Lib Optimization,3097.25,0.07
187,50,Nearest Neighbor,6692.65,0.0
187,50,Ant Colony Optimization,3000.22,7.75
187,50,Lib Optimization,3000.22,0.06
188,50,Nearest Neighbor,6227.4,0.0
188,50,Ant Colony Optimization,3132.73,7.69
188,50,Lib Optimization,3132.73,0.09
189,50,Nearest Neighbor,7493.27,0.0
189,50,Ant Colony Optimization,3058.5,7.7
189,50,Lib Optimization,3058.5,0.12
190,50,Nearest Neighbor,4407.03,0.0
190,50,Ant Colony Optimization,2802.48,7.72
190,50,Lib Optimization,2802.48,0.06
191,50,Nearest Neighbor,4603.38,0.0
191,50,Ant Colony Optimization,3046.3,7.67
191,50,Lib Optimization,3046.3,0.07
192,50,Nearest Neighbor,5774.04,0.0
192,50,Ant Colony Optimization,3001.53,7.67
192,50,Lib Optimization,3001.53,0.09
193,50,Nearest Neighbor,3968.52,0.0
193,50,Ant Colony Optimization,3290.77,7.72
193,50,Lib Optimization,3290.77,0.05
194,50,Nearest Neighbor,9033.34,0.0
194,50,Ant Colony Optimization,2988.93,7.73
194,50,Lib Optimization,2988.93,0.07
195,50,Nearest Neighbor,5034.78,0.0
195,50,Ant Colony Optimization,3098.53,7.79
195,50,Lib Optimization,3098.53,0.09
196,50,Nearest Neighbor,7313.71,0.0
196,50,Ant Colony Optimization,2912.75,7.73
196,50,Lib Optimization,2912.75,0.1
197,50,Nearest Neighbor,4465.15,0.0
197,50,Ant Colony Optimization,2982.01,7.67
197,50,Lib Optimization,2982.01,0.1
198,50,Nearest Neighbor,13075.91,0.0
198,50,Ant Colony Optimization,3045.17,7.68
198,50,Lib Optimization,3045.17,0.08
199,50,Nearest Neighbor,6312.12,0.0
199,50,Ant Colony Optimization,2647.02,7.65
199,50,Lib Optimization,2647.02,0.06
0,100,Nearest Neighbor,7947.43,0.0
0,100,Ant Colony Optimization,4545.31,19.54
0,100,Lib Optimization,4545.31,0.5
1,100,Nearest Neighbor,7512.19,0.0
1,100,Ant Colony Optimization,3822.77,19.54
1,100,Lib Optimization,3822.77,0.54
2,100,Nearest Neighbor,8530.71,0.0
2,100,Ant Colony Optimization,5134.07,19.41
2,100,Lib Optimization,5134.07,0.63
3,100,Nearest Neighbor,7769.09,0.0
3,100,Ant Colony Optimization,4095.06,19.48
3,100,Lib Optimization,4095.06,0.45
4,100,Nearest Neighbor,6127.57,0.0
4,100,Ant Colony Optimization,3835.73,19.52
4,100,Lib Optimization,3835.73,0.56
5,100,Nearest Neighbor,10287.42,0.0
5,100,Ant Colony Optimization,4457.93,19.43
5,100,Lib Optimization,4457.93,0.58
6,100,Nearest Neighbor,24034.04,0.0
6,100,Ant Colony Optimization,3887.94,19.59
6,100,Lib Optimization,3887.94,0.52
7,100,Nearest Neighbor,8923.31,0.0
7,100,Ant Colony Optimization,3881.11,19.44
7,100,Lib Optimization,3881.11,0.58
8,100,Nearest Neighbor,8219.24,0.0
8,100,Ant Colony Optimization,4268.24,19.43
8,100,Lib Optimization,4268.24,0.68
9,100,Nearest Neighbor,7119.64,0.0
9,100,Ant Colony Optimization,3912.59,19.39
9,100,Lib Optimization,3912.59,0.52
10,100,Nearest Neighbor,8664.48,0.0
10,100,Ant Colony Optimization,4194.63,19.5
10,100,Lib Optimization,4194.63,0.58
11,100,Nearest Neighbor,10049.33,0.0
11,100,Ant Colony Optimization,4235.93,19.41
11,100,Lib Optimization,4235.93,0.44
12,100,Nearest Neighbor,9360.09,0.0
12,100,Ant Colony Optimization,3882.68,19.55
12,100,Lib Optimization,3882.68,0.6
13,100,Nearest Neighbor,5845.49,0.0
13,100,Ant Colony Optimization,4753.76,19.43
13,100,Lib Optimization,4753.76,0.51
14,100,Nearest Neighbor,16574.2,0.0
14,100,Ant Colony Optimization,4773.46,19.39
14,100,Lib Optimization,4773.46,0.41
15,100,Nearest Neighbor,6787.92,0.0
15,100,Ant Colony Optimization,3948.9,19.45
15,100,Lib Optimization,3948.9,0.48
16,100,Nearest Neighbor,4814.89,0.0
16,100,Ant Colony Optimization,3929.71,19.5
16,100,Lib Optimization,3929.71,0.7
17,100,Nearest Neighbor,5586.98,0.0
17,100,Ant Colony Optimization,4022.26,19.45
17,100,Lib Optimization,4022.26,0.65
18,100,Nearest Neighbor,6460.16,0.0
18,100,Ant Colony Optimization,3948.26,19.46
18,100,Lib Optimization,3948.26,0.61
19,100,Nearest Neighbor,8125.34,0.0
19,100,Ant Colony Optimization,4090.91,19.49
19,100,Lib Optimization,4090.91,0.59
20,100,Nearest Neighbor,6173.62,0.0
20,100,Ant Colony Optimization,4440.66,19.44
20,100,Lib Optimization,4440.66,0.41
21,100,Nearest Neighbor,6864.69,0.0
21,100,Ant Colony Optimization,3685.62,19.5
21,100,Lib Optimization,3685.62,0.57
22,100,Nearest Neighbor,10623.56,0.0
22,100,Ant Colony Optimization,4299.8,19.47
22,100,Lib Optimization,4299.8,0.48
23,100,Nearest Neighbor,6938.25,0.0
23,100,Ant Colony Optimization,3724.47,19.43
23,100,Lib Optimization,3724.47,0.49
24,100,Nearest Neighbor,6424.7,0.0
24,100,Ant Colony Optimization,3342.16,19.38
24,100,Lib Optimization,3342.16,0.69
25,100,Nearest Neighbor,9704.16,0.0
25,100,Ant Colony Optimization,3711.76,19.51
25,100,Lib Optimization,3711.76,0.48
26,100,Nearest Neighbor,8914.09,0.0
26,100,Ant Colony Optimization,4805.18,19.48
26,100,Lib Optimization,4805.18,0.6
27,100,Nearest Neighbor,7502.87,0.0
27,100,Ant Colony Optimization,3941.66,19.39
27,100,Lib Optimization,3941.66,0.4
28,100,Nearest Neighbor,9430.21,0.0
28,100,Ant Colony Optimization,4890.51,19.43
28,100,Lib Optimization,4890.51,0.63
29,100,Nearest Neighbor,9325.58,0.0
29,100,Ant Colony Optimization,3942.2,19.47
29,100,Lib Optimization,3942.2,0.49
30,100,Nearest Neighbor,11951.9,0.0
30,100,Ant Colony Optimization,4047.94,19.5
30,100,Lib Optimization,4047.94,0.43
31,100,Nearest Neighbor,9644.98,0.0
31,100,Ant Colony Optimization,4163.88,19.54
31,100,Lib Optimization,4163.88,0.65
32,100,Nearest Neighbor,5600.45,0.0
32,100,Ant Colony Optimization,3983.72,19.45
32,100,Lib Optimization,3983.72,0.8
33,100,Nearest Neighbor,7827.42,0.0
33,100,Ant Colony Optimization,3768.45,19.53
33,100,Lib Optimization,3768.45,0.45
34,100,Nearest Neighbor,8099.35,0.0
34,100,Ant Colony Optimization,4169.28,19.43
34,100,Lib Optimization,4169.28,0.57
35,100,Nearest Neighbor,5539.49,0.0
35,100,Ant Colony Optimization,4113.37,19.48
35,100,Lib Optimization,4113.37,0.66
36,100,Nearest Neighbor,16176.84,0.0
36,100,Ant Colony Optimization,4195.32,19.49
36,100,Lib Optimization,4195.32,0.46
37,100,Nearest Neighbor,6180.29,0.0
37,100,Ant Colony Optimization,4369.83,19.46
37,100,Lib Optimization,4369.83,0.72
38,100,Nearest Neighbor,9639.61,0.0
38,100,Ant Colony Optimization,3532.69,19.34
38,100,Lib Optimization,3532.69,0.5
39,100,Nearest Neighbor,5660.6,0.0
39,100,Ant Colony Optimization,3790.77,19.51
39,100,Lib Optimization,3790.77,0.56
40,100,Nearest Neighbor,6815.69,0.0
40,100,Ant Colony Optimization,4219.78,19.5
40,100,Lib Optimization,4219.78,0.39
41,100,Nearest Neighbor,9504.34,0.0
41,100,Ant Colony Optimization,3749.7,19.43
41,100,Lib Optimization,3749.7,0.47
42,100,Nearest Neighbor,6321.73,0.0
42,100,Ant Colony Optimization,3914.04,19.58
42,100,Lib Optimization,3914.04,0.53
43,100,Nearest Neighbor,13383.19,0.0
43,100,Ant Colony Optimization,3737.27,19.51
43,100,Lib Optimization,3737.27,0.49
44,100,Nearest Neighbor,10394.04,0.0
44,100,Ant Colony Optimization,4276.62,19.52
44,100,Lib Optimization,4276.62,0.41
45,100,Nearest Neighbor,7094.14,0.0
45,100,Ant Colony Optimization,4814.21,19.56
45,100,Lib Optimization,4814.21,0.55
46,100,Nearest Neighbor,10527.86,0.0
46,100,Ant Colony Optimization,4136.94,19.51
46,100,Lib Optimization,4136.94,0.63
47,100,Nearest Neighbor,5984.33,0.0
47,100,Ant Colony Optimization,3887.43,19.45
47,100,Lib Optimization,3887.43,0.75
48,100,Nearest Neighbor,6413.3,0.0
48,100,Ant Colony Optimization,3889.74,19.46
48,100,Lib Optimization,3889.74,0.94
49,100,Nearest Neighbor,5549.31,0.0
49,100,Ant Colony Optimization,4168.96,19.49
49,100,Lib Optimization,4168.96,0.64
50,100,Nearest Neighbor,6202.63,0.0
50,100,Ant Colony Optimization,3721.97,19.37
50,100,Lib Optimization,3721.97,0.32
51,100,Nearest Neighbor,9034.37,0.0
51,100,Ant Colony Optimization,3729.71,19.47
51,100,Lib Optimization,3729.71,0.59
52,100,Nearest Neighbor,17349.81,0.0
52,100,Ant Colony Optimization,3769.42,19.45
52,100,Lib Optimization,3769.42,0.48
53,100,Nearest Neighbor,6328.19,0.0
53,100,Ant Colony Optimization,4160.74,19.4
53,100,Lib Optimization,4160.74,0.47
54,100,Nearest Neighbor,6644.2,0.0
54,100,Ant Colony Optimization,3104.86,19.57
54,100,Lib Optimization,3104.86,0.48
55,100,Nearest Neighbor,9663.2,0.0
55,100,Ant Colony Optimization,4076.44,19.7
55,100,Lib Optimization,4076.44,0.54
56,100,Nearest Neighbor,12025.9,0.0
56,100,Ant Colony Optimization,4105.97,19.42
56,100,Lib Optimization,4105.97,0.57
57,100,Nearest Neighbor,10073.73,0.0
57,100,Ant Colony Optimization,4441.73,19.54
57,100,Lib Optimization,4441.73,0.52
58,100,Nearest Neighbor,5254.4,0.0
58,100,Ant Colony Optimization,4128.76,19.46
58,100,Lib Optimization,4128.76,0.57
59,100,Nearest Neighbor,8986.4,0.0
59,100,Ant Colony Optimization,4553.61,19.36
59,100,Lib Optimization,4553.61,0.65
60,100,Nearest Neighbor,6397.38,0.0
60,100,Ant Colony Optimization,3931.81,19.54
60,100,Lib Optimization,3931.81,0.77
61,100,Nearest Neighbor,9728.34,0.0
61,100,Ant Colony Optimization,3766.44,19.53
61,100,Lib Optimization,3766.44,0.61
62,100,Nearest Neighbor,5511.43,0.0
62,100,Ant Colony Optimization,3752.4,19.44
62,100,Lib Optimization,3752.4,0.64
63,100,Nearest Neighbor,8025.79,0.0
63,100,Ant Colony Optimization,4224.3,19.52
63,100,Lib Optimization,4224.3,0.5
64,100,Nearest Neighbor,7553.93,0.0
64,100,Ant Colony Optimization,4405.01,19.37
64,100,Lib Optimization,4405.01,0.53
65,100,Nearest Neighbor,6415.34,0.0
65,100,Ant Colony Optimization,4196.71,19.43
65,100,Lib Optimization,4196.71,0.37
66,100,Nearest Neighbor,6124.04,0.0
66,100,Ant Colony Optimization,3959.49,19.44
66,100,Lib Optimization,3959.49,0.51
67,100,Nearest Neighbor,8025.5,0.0
67,100,Ant Colony Optimization,4500.17,19.42
67,100,Lib Optimization,4500.17,0.49
68,100,Nearest Neighbor,7685.53,0.0
68,100,Ant Colony Optimization,3549.14,19.48
68,100,Lib Optimization,3549.14,0.74
69,100,Nearest Neighbor,5476.73,0.0
69,100,Ant Colony Optimization,3438.48,19.47
69,100,Lib Optimization,3438.48,0.37
70,100,Nearest Neighbor,6980.93,0.0
70,100,Ant Colony Optimization,4334.0,19.42
70,100,Lib Optimization,4334.0,0.47
71,100,Nearest Neighbor,5559.04,0.0
71,100,Ant Colony Optimization,4281.61,19.36
71,100,Lib Optimization,4281.61,0.58
72,100,Nearest Neighbor,8491.08,0.0
72,100,Ant Colony Optimization,4180.87,19.47
72,100,Lib Optimization,4180.87,0.43
73,100,Nearest Neighbor,7341.19,0.0
73,100,Ant Colony Optimization,4259.82,19.42
73,100,Lib Optimization,4259.82,0.38
74,100,Nearest Neighbor,5475.91,0.0
74,100,Ant Colony Optimization,3848.5,19.3
74,100,Lib Optimization,3848.5,0.41
75,100,Nearest Neighbor,9619.06,0.0
75,100,Ant Colony Optimization,3578.67,19.33
75,100,Lib Optimization,3578.67,0.67
76,100,Nearest Neighbor,10752.0,0.0
76,100,Ant Colony Optimization,4282.78,19.24
76,100,Lib Optimization,4282.78,0.48
77,100,Nearest Neighbor,6799.89,0.0
77,100,Ant Colony Optimization,3786.94,19.33
77,100,Lib Optimization,3786.94,0.63
78,100,Nearest Neighbor,7740.11,0.0
78,100,Ant Colony Optimization,4136.11,19.46
78,100,Lib Optimization,4136.11,0.68
79,100,Nearest Neighbor,7605.82,0.0
79,100,Ant Colony Optimization,3973.16,19.41
79,100,Lib Optimization,3973.16,0.45
80,100,Nearest Neighbor,18546.09,0.0
80,100,Ant Colony Optimization,4358.76,19.56
80,100,Lib Optimization,4358.76,0.5
81,100,Nearest Neighbor,8727.59,0.0
81,100,Ant Colony Optimization,4420.49,19.58
81,100,Lib Optimization,4420.49,0.54
82,100,Nearest Neighbor,7558.1,0.0
82,100,Ant Colony Optimization,4037.49,19.45
82,100,Lib Optimization,4037.49,0.62
83,100,Nearest Neighbor,6235.63,0.0
83,100,Ant Colony Optimization,3828.85,19.41
83,100,Lib Optimization,3828.85,0.57
84,100,Nearest Neighbor,4884.71,0.0
84,100,Ant Colony Optimization,3773.49,19.51
84,100,Lib Optimization,3773.49,0.48
85,100,Nearest Neighbor,12642.86,0.0
85,100,Ant Colony Optimization,3731.5,19.5
85,100,Lib Optimization,3731.5,0.56
86,100,Nearest Neighbor,10820.23,0.0
86,100,Ant Colony Optimization,4111.61,19.48
86,100,Lib Optimization,4111.61,0.8
87,100,Nearest Neighbor,6262.49,0.0
87,100,Ant Colony Optimization,4083.84,19.52
87,100,Lib Optimization,4083.84,0.51
88,100,Nearest Neighbor,7647.79,0.0
88,100,Ant Colony Optimization,4761.72,19.46
88,100,Lib Optimization,4761.72,0.8
89,100,Nearest Neighbor,8380.85,0.0
89,100,Ant Colony Optimization,3888.41,19.46
89,100,Lib Optimization,3888.41,0.53
90,100,Nearest Neighbor,6185.55,0.0
90,100,Ant Colony Optimization,4063.52,19.54
90,100,Lib Optimization,4063.52,0.3
91,100,Nearest Neighbor,7018.15,0.0
91,100,Ant Colony Optimization,3938.1,19.3
91,100,Lib Optimization,3938.1,0.57
92,100,Nearest Neighbor,6338.4,0.0
92,100,Ant Colony Optimization,4080.42,19.33
92,100,Lib Optimization,4080.42,0.77
93,100,Nearest Neighbor,7463.69,0.0
93,100,Ant Colony Optimization,4511.47,19.37
93,100,Lib Optimization,4511.47,0.58
94,100,Nearest Neighbor,5520.42,0.0
94,100,Ant Colony Optimization,4539.31,19.37
94,100,Lib Optimization,4539.31,0.58
95,100,Nearest Neighbor,5603.03,0.0
95,100,Ant Colony Optimization,4026.68,19.3
95,100,Lib Optimization,4026.68,0.45
96,100,Nearest Neighbor,12068.03,0.0
96,100,Ant Colony Optimization,4290.5,19.39
96,100,Lib Optimization,4290.5,0.77
97,100,Nearest Neighbor,12899.61,0.0
97,100,Ant Colony Optimization,4268.37,19.38
97,100,Lib Optimization,4268.37,0.51
98,100,Nearest Neighbor,7627.87,0.0
98,100,Ant Colony Optimization,3600.37,19.35
98,100,Lib Optimization,3600.37,0.52
99,100,Nearest Neighbor,9808.54,0.0
99,100,Ant Colony Optimization,3734.56,19.36
99,100,Lib Optimization,3734.56,0.49
100,100,Nearest Neighbor,4895.86,0.0
100,100,Ant Colony Optimization,3767.47,19.4
100,100,Lib Optimization,3767.47,0.52
101,100,Nearest Neighbor,6388.22,0.0
101,100,Ant Colony Optimization,3796.81,19.35
101,100,Lib Optimization,3796.81,0.58
102,100,Nearest Neighbor,8971.49,0.0
102,100,Ant Colony Optimization,4068.67,19.41
102,100,Lib Optimization,4068.67,0.52
103,100,Nearest Neighbor,6795.35,0.0
103,100,Ant Colony Optimization,4355.45,19.37
103,100,Lib Optimization,4355.45,0.6
104,100,Nearest Neighbor,12157.83,0.0
104,100,Ant Colony Optimization,4189.15,19.34
104,100,Lib Optimization,4189.15,0.49
105,100,Nearest Neighbor,5785.58,0.0
105,100,Ant Colony Optimization,3914.4,19.41
105,100,Lib Optimization,3914.4,0.44
106,100,Nearest Neighbor,7368.44,0.0
106,100,Ant Colony Optimization,4043.35,19.36
106,100,Lib Optimization,4043.35,0.6
107,100,Nearest Neighbor,7434.75,0.0
107,100,Ant Colony Optimization,4356.86,19.34
107,100,Lib Optimization,4356.86,0.41
108,100,Nearest Neighbor,18120.4,0.0
108,100,Ant Colony Optimization,3782.0,19.42
108,100,Lib Optimization,3782.0,0.49
109,100,Nearest Neighbor,6724.61,0.0
109,100,Ant Colony Optimization,3587.92,19.43
109,100,Lib Optimization,3587.92,0.64
110,100,Nearest Neighbor,5318.57,0.0
110,100,Ant Colony Optimization,4024.58,19.32
110,100,Lib Optimization,4024.58,0.49
111,100,Nearest Neighbor,6916.71,0.0
111,100,Ant Colony Optimization,3956.9,19.4
111,100,Lib Optimization,3956.9,0.49
112,100,Nearest Neighbor,8609.23,0.0
112,100,Ant Colony Optimization,3894.7,19.42
112,100,Lib Optimization,3894.7,0.45
113,100,Nearest Neighbor,8531.77,0.0
113,100,Ant Colony Optimization,4268.03,19.47
113,100,Lib Optimization,4268.03,0.65
114,100,Nearest Neighbor,6299.26,0.0
114,100,Ant Colony Optimization,3525.38,19.34
114,100,Lib Optimization,3525.38,0.45
115,100,Nearest Neighbor,6527.16,0.0
115,100,Ant Colony Optimization,3910.52,19.38
115,100,Lib Optimization,3910.52,0.5
116,100,Nearest Neighbor,8997.91,0.0
116,100,Ant Colony Optimization,4137.46,19.53
116,100,Lib Optimization,4137.46,0.58
117,100,Nearest Neighbor,14038.44,0.0
117,100,Ant Colony Optimization,3734.69,19.45
117,100,Lib Optimization,3734.69,0.59
118,100,Nearest Neighbor,6799.84,0.0
118,100,Ant Colony Optimization,3740.91,19.23
118,100,Lib Optimization,3740.91,0.54
119,100,Nearest Neighbor,7939.85,0.0
119,100,Ant Colony Optimization,4405.08,19.31
119,100,Lib Optimization,4405.08,0.47
120,100,Nearest Neighbor,8762.64,0.0
120,100,Ant Colony Optimization,4207.77,19.36
120,100,Lib Optimization,4207.77,0.51
121,100,Nearest Neighbor,8182.88,0.0
121,100,Ant Colony Optimization,4392.39,19.38
121,100,Lib Optimization,4392.39,0.54
122,100,Nearest Neighbor,7529.58,0.0
122,100,Ant Colony Optimization,4164.73,19.38
122,100,Lib Optimization,4164.73,0.48
123,100,Nearest Neighbor,6336.68,0.0
123,100,Ant Colony Optimization,4739.54,19.36
123,100,Lib Optimization,4739.54,0.42
124,100,Nearest Neighbor,9159.22,0.0
124,100,Ant Colony Optimization,4101.73,19.36
124,100,Lib Optimization,4101.73,0.3
125,100,Nearest Neighbor,8927.8,0.0
125,100,Ant Colony Optimization,3862.74,19.36
125,100,Lib Optimization,3862.74,0.55
126,100,Nearest Neighbor,8321.34,0.0
126,100,Ant Colony Optimization,3636.85,19.47
126,100,Lib Optimization,3636.85,0.39
127,100,Nearest Neighbor,8667.2,0.0
127,100,Ant Colony Optimization,4364.05,19.39
127,100,Lib Optimization,4364.05,0.42
128,100,Nearest Neighbor,7487.79,0.0
128,100,Ant Colony Optimization,4185.95,19.34
128,100,Lib Optimization,4185.95,0.61
129,100,Nearest Neighbor,16543.84,0.0
129,100,Ant Colony Optimization,3800.58,19.45
129,100,Lib Optimization,3800.58,0.62
130,100,Nearest Neighbor,6920.52,0.0
130,100,Ant Colony Optimization,3933.49,19.42
130,100,Lib Optimization,3933.49,0.44
131,100,Nearest Neighbor,7846.97,0.0
131,100,Ant Colony Optimization,3630.14,19.41
131,100,Lib Optimization,3630.14,0.46
132,100,Nearest Neighbor,17407.73,0.0
132,100,Ant Colony Optimization,3841.91,19.48
132,100,Lib Optimization,3841.91,0.81
133,100,Nearest Neighbor,6621.94,0.0
133,100,Ant Colony Optimization,4448.26,19.49
133,100,Lib Optimization,4448.26,0.42
134,100,Nearest Neighbor,5128.41,0.0
134,100,Ant Colony Optimization,3573.23,19.35
134,100,Lib Optimization,3573.23,0.62
135,100,Nearest Neighbor,13937.78,0.0
135,100,Ant Colony Optimization,4117.07,19.42
135,100,Lib Optimization,4117.07,0.54
136,100,Nearest Neighbor,22703.92,0.0
136,100,Ant Colony Optimization,4594.14,19.38
136,100,Lib Optimization,4594.14,0.63
137,100,Nearest Neighbor,6351.95,0.0
137,100,Ant Colony Optimization,3529.92,19.39
137,100,Lib Optimization,3529.92,0.48
138,100,Nearest Neighbor,18804.61,0.0
138,100,Ant Colony Optimization,4003.81,19.36
138,100,Lib Optimization,4003.81,0.64
139,100,Nearest Neighbor,6743.15,0.0
139,100,Ant Colony Optimization,4209.38,19.39
139,100,Lib Optimization,4209.38,0.63
140,100,Nearest Neighbor,5827.2,0.0
140,100,Ant Colony Optimization,3772.59,19.39
140,100,Lib Optimization,3772.59,0.47
141,100,Nearest Neighbor,9858.78,0.0
141,100,Ant Colony Optimization,4126.98,19.34
141,100,Lib Optimization,4126.98,0.54
142,100,Nearest Neighbor,7027.39,0.0
142,100,Ant Colony Optimization,3941.22,19.41
142,100,Lib Optimization,3941.22,0.57
143,100,Nearest Neighbor,6715.85,0.0
143,100,Ant Colony Optimization,3913.78,19.47
143,100,Lib Optimization,3913.78,0.46
144,100,Nearest Neighbor,11408.88,0.0
144,100,Ant Colony Optimization,4513.49,19.44
144,100,Lib Optimization,4513.49,0.48
145,100,Nearest Neighbor,7472.69,0.0
145,100,Ant Colony Optimization,4556.23,19.43
145,100,Lib Optimization,4556.23,0.51
146,100,Nearest Neighbor,7541.91,0.0
146,100,Ant Colony Optimization,4297.2,19.41
146,100,Lib Optimization,4297.2,0.53
147,100,Nearest Neighbor,6831.53,0.0
147,100,Ant Colony Optimization,3359.07,19.46
147,100,Lib Optimization,3359.07,0.56
148,100,Nearest Neighbor,6639.37,0.0
148,100,Ant Colony Optimization,4212.29,19.31
148,100,Lib Optimization,4212.29,0.51
149,100,Nearest Neighbor,7416.32,0.0
149,100,Ant Colony Optimization,3997.96,19.34
149,100,Lib Optimization,3997.96,0.58
150,100,Nearest Neighbor,5625.64,0.0
150,100,Ant Colony Optimization,3950.24,19.54
150,100,Lib Optimization,3950.24,0.49
151,100,Nearest Neighbor,5207.9,0.0
151,100,Ant Colony Optimization,3858.78,19.43
151,100,Lib Optimization,3858.78,0.51
152,100,Nearest Neighbor,7024.71,0.0
152,100,Ant Colony Optimization,4712.94,19.35
152,100,Lib Optimization,4712.94,0.51
153,100,Nearest Neighbor,6797.79,0.0
153,100,Ant Colony Optimization,4673.89,19.45
153,100,Lib Optimization,4673.89,0.35
154,100,Nearest Neighbor,8630.2,0.0
154,100,Ant Colony Optimization,4985.49,19.36
154,100,Lib Optimization,4985.49,0.45
155,100,Nearest Neighbor,6329.15,0.0
155,100,Ant Colony Optimization,4685.64,19.43
155,100,Lib Optimization,4685.64,0.64
156,100,Nearest Neighbor,7252.7,0.0
156,100,Ant Colony Optimization,4054.18,19.49
156,100,Lib Optimization,4054.18,0.54
157,100,Nearest Neighbor,4943.4,0.0
157,100,Ant Colony Optimization,3918.84,19.51
157,100,Lib Optimization,3918.84,0.45
158,100,Nearest Neighbor,6340.52,0.0
158,100,Ant Colony Optimization,4046.18,19.38
158,100,Lib Optimization,4046.18,0.6
159,100,Nearest Neighbor,6587.96,0.0
159,100,Ant Colony Optimization,3098.92,19.38
159,100,Lib Optimization,3098.92,0.62
160,100,Nearest Neighbor,8066.44,0.0
160,100,Ant Colony Optimization,4136.58,19.43
160,100,Lib Optimization,4136.58,0.48
161,100,Nearest Neighbor,13616.49,0.0
161,100,Ant Colony Optimization,4405.0,19.37
161,100,Lib Optimization,4405.0,0.47
162,100,Nearest Neighbor,6133.58,0.0
162,100,Ant Colony Optimization,4253.36,19.32
162,100,Lib Optimization,4253.36,0.55
163,100,Nearest Neighbor,8632.86,0.0
163,100,Ant Colony Optimization,4223.57,19.43
163,100,Lib Optimization,4223.57,0.61
164,100,Nearest Neighbor,5867.4,0.0
164,100,Ant Colony Optimization,3577.45,19.38
164,100,Lib Optimization,3577.45,0.58
165,100,Nearest Neighbor,9719.8,0.0
165,100,Ant Colony Optimization,3850.22,19.44
165,100,Lib Optimization,3850.22,0.4
166,100,Nearest Neighbor,9205.95,0.0
166,100,Ant Colony Optimization,4316.6,19.37
166,100,Lib Optimization,4316.6,0.47
167,100,Nearest Neighbor,4943.86,0.0
167,100,Ant Colony Optimization,3845.18,19.28
167,100,Lib Optimization,3845.18,0.47
168,100,Nearest Neighbor,8764.13,0.0
168,100,Ant Colony Optimization,4254.42,19.44
168,100,Lib Optimization,4254.42,0.66
169,100,Nearest Neighbor,6017.73,0.0
169,100,Ant Colony Optimization,3895.14,19.43
169,100,Lib Optimization,3895.14,0.41
170,100,Nearest Neighbor,8584.86,0.0
170,100,Ant Colony Optimization,4717.47,19.34
170,100,Lib Optimization,4717.47,0.65
171,100,Nearest Neighbor,10232.95,0.0
171,100,Ant Colony Optimization,4509.76,19.57
171,100,Lib Optimization,4509.76,0.62
172,100,Nearest Neighbor,6352.24,0.0
172,100,Ant Colony Optimization,4592.45,19.41
172,100,Lib Optimization,4592.45,0.46
173,100,Nearest Neighbor,8411.85,0.0
173,100,Ant Colony Optimization,3761.76,19.38
173,100,Lib Optimization,3761.76,0.6
174,100,Nearest Neighbor,7818.48,0.0
174,100,Ant Colony Optimization,4176.72,19.45
174,100,Lib Optimization,4176.72,0.45
175,100,Nearest Neighbor,7722.58,0.0
175,100,Ant Colony Optimization,4548.45,19.41
175,100,Lib Optimization,4548.45,0.47
176,100,Nearest Neighbor,10457.79,0.0
176,100,Ant Colony Optimization,4066.45,19.4
176,100,Lib Optimization,4066.45,0.61
177,100,Nearest Neighbor,11949.58,0.0
177,100,Ant Colony Optimization,4509.46,19.42
177,100,Lib Optimization,4509.46,0.4
178,100,Nearest Neighbor,6412.57,0.0
178,100,Ant Colony Optimization,4360.56,19.5
178,100,Lib Optimization,4360.56,0.39
179,100,Nearest Neighbor,6786.52,0.0
179,100,Ant Colony Optimization,3800.38,19.4
179,100,Lib Optimization,3800.38,0.59
180,100,Nearest Neighbor,19294.43,0.0
180,100,Ant Colony Optimization,4077.47,19.73
180,100,Lib Optimization,4077.47,0.5
181,100,Nearest Neighbor,6010.37,0.0
181,100,Ant Colony Optimization,4055.32,19.53
181,100,Lib Optimization,4055.32,0.55
182,100,Nearest Neighbor,7408.88,0.0
182,100,Ant Colony Optimization,4218.31,19.51
182,100,Lib Optimization,4218.31,0.49
183,100,Nearest Neighbor,7236.25,0.0
183,100,Ant Colony Optimization,3816.79,19.54
183,100,Lib Optimization,3816.79,0.52
184,100,Nearest Neighbor,5775.24,0.0
184,100,Ant Colony Optimization,4006.06,19.5
184,100,Lib Optimization,4006.06,0.98
185,100,Nearest Neighbor,5854.2,0.0
185,100,Ant Colony Optimization,3839.01,19.42
185,100,Lib Optimization,3839.01,0.52
186,100,Nearest Neighbor,7566.77,0.0
186,100,Ant Colony Optimization,4164.11,19.6
186,100,Lib Optimization,4164.11,0.79
187,100,Nearest Neighbor,5657.57,0.0
187,100,Ant Colony Optimization,4252.33,19.44
187,100,Lib Optimization,4252.33,0.68
188,100,Nearest Neighbor,5453.46,0.0
188,100,Ant Colony Optimization,3533.37,19.45
188,100,Lib Optimization,3533.37,0.52
189,100,Nearest Neighbor,13667.71,0.0
189,100,Ant Colony Optimization,3698.8,19.5
189,100,Lib Optimization,3698.8,0.55
190,100,Nearest Neighbor,7654.36,0.0
190,100,Ant Colony Optimization,3687.0,19.45
190,100,Lib Optimization,3687.0,0.53
191,100,Nearest Neighbor,13437.52,0.0
191,100,Ant Colony Optimization,3832.33,19.36
191,100,Lib Optimization,3832.33,0.64
192,100,Nearest Neighbor,16955.68,0.0
192,100,Ant Colony Optimization,3758.06,19.61
192,100,Lib Optimization,3758.06,0.61
193,100,Nearest Neighbor,15431.72,0.0
193,100,Ant Colony Optimization,4253.72,19.47
193,100,Lib Optimization,4253.72,0.71
194,100,Nearest Neighbor,6267.18,0.0
194,100,Ant Colony Optimization,3948.18,19.54
194,100,Lib Optimization,3948.18,0.55
195,100,Nearest Neighbor,9501.91,0.0
195,100,Ant Colony Optimization,4615.86,19.47
195,100,Lib Optimization,4615.86,0.63
196,100,Nearest Neighbor,8283.09,0.0
196,100,Ant Colony Optimization,4508.39,19.57
196,100,Lib Optimization,4508.39,0.53
197,100,Nearest Neighbor,6640.16,0.0
197,100,Ant Colony Optimization,4584.25,19.41
197,100,Lib Optimization,4584.25,0.46
198,100,Nearest Neighbor,15997.43,0.0
198,100,Ant Colony Optimization,4359.85,19.48
198,100,Lib Optimization,4359.85,0.57
199,100,Nearest Neighbor,7806.25,0.0
199,100,Ant Colony Optimization,4386.65,19.42
199,100,Lib Optimization,4386.65,0.56
0,200,Nearest Neighbor,8798.01,0.0
0,200,Ant Colony Optimization,6656.88,54.78
0,200,Lib Optimization,6656.88,3.3
1,200,Nearest Neighbor,8579.82,0.0
1,200,Ant Colony Optimization,6139.88,55.01
1,200,Lib Optimization,6139.88,3.9
2,200,Nearest Neighbor,13348.1,0.0
2,200,Ant Colony Optimization,6380.04,55.13
2,200,Lib Optimization,6380.04,3.7
3,200,Nearest Neighbor,10717.03,0.0
3,200,Ant Colony Optimization,5714.41,54.81
3,200,Lib Optimization,5714.41,4.16
4,200,Nearest Neighbor,8460.11,0.0
4,200,Ant Colony Optimization,6474.27,54.87
4,200,Lib Optimization,6474.27,3.39
5,200,Nearest Neighbor,13228.5,0.0
5,200,Ant Colony Optimization,6704.35,55.03
5,200,Lib Optimization,6704.35,3.55
6,200,Nearest Neighbor,7018.45,0.0
6,200,Ant Colony Optimization,5920.21,55.03
6,200,Lib Optimization,5920.21,3.35
7,200,Nearest Neighbor,8471.8,0.0
7,200,Ant Colony Optimization,6175.78,54.85
7,200,Lib Optimization,6175.78,4.43
8,200,Nearest Neighbor,17405.45,0.0
8,200,Ant Colony Optimization,5603.69,54.99
8,200,Lib Optimization,5603.69,3.26
9,200,Nearest Neighbor,10437.35,0.0
9,200,Ant Colony Optimization,6062.13,54.92
9,200,Lib Optimization,6062.13,4.68
10,200,Nearest Neighbor,10266.68,0.0
10,200,Ant Colony Optimization,5543.05,54.89
10,200,Lib Optimization,5543.05,5.08
11,200,Nearest Neighbor,9439.97,0.0
11,200,Ant Colony Optimization,5626.16,55.03
11,200,Lib Optimization,5626.16,5.11
12,200,Nearest Neighbor,8691.82,0.0
12,200,Ant Colony Optimization,5510.37,54.54
12,200,Lib Optimization,5510.37,5.52
13,200,Nearest Neighbor,17781.64,0.0
13,200,Ant Colony Optimization,6344.97,54.93
13,200,Lib Optimization,6344.97,3.96
14,200,Nearest Neighbor,13186.1,0.0
14,200,Ant Colony Optimization,6891.15,54.93
14,200,Lib Optimization,6891.15,4.55
15,200,Nearest Neighbor,8634.74,0.0
15,200,Ant Colony Optimization,6164.69,54.78
15,200,Lib Optimization,6164.69,4.26
16,200,Nearest Neighbor,17157.7,0.0
16,200,Ant Colony Optimization,6454.45,54.93
16,200,Lib Optimization,6454.45,4.03
17,200,Nearest Neighbor,11000.58,0.0
17,200,Ant Colony Optimization,6619.13,54.93
17,200,Lib Optimization,6619.13,3.68
18,200,Nearest Neighbor,8699.22,0.0
18,200,Ant Colony Optimization,5795.02,55.01
18,200,Lib Optimization,5795.02,4.16
19,200,Nearest Neighbor,10031.65,0.0
19,200,Ant Colony Optimization,6113.56,54.88
19,200,Lib Optimization,6113.56,2.98
20,200,Nearest Neighbor,15195.41,0.0
20,200,Ant Colony Optimization,5658.36,54.84
20,200,Lib Optimization,5658.36,4.29
21,200,Nearest Neighbor,9328.81,0.0
21,200,Ant Colony Optimization,5775.15,54.92
21,200,Lib Optimization,5775.15,3.93
22,200,Nearest Neighbor,10098.06,0.0
22,200,Ant Colony Optimization,5734.72,54.92
22,200,Lib Optimization,5734.72,4.11
23,200,Nearest Neighbor,11465.17,0.0
23,200,Ant Colony Optimization,6239.4,54.93
23,200,Lib Optimization,6239.4,4.03
24,200,Nearest Neighbor,7805.69,0.0
24,200,Ant Colony Optimization,6240.0,54.94
24,200,Lib Optimization,6240.0,3.33
25,200,Nearest Neighbor,10815.03,0.0
25,200,Ant Colony Optimization,5596.37,55.06
25,200,Lib Optimization,5596.37,2.72
26,200,Nearest Neighbor,10526.16,0.0
26,200,Ant Colony Optimization,5934.41,55.02
26,200,Lib Optimization,5934.41,3.21
27,200,Nearest Neighbor,8240.69,0.0
27,200,Ant Colony Optimization,6318.59,54.86
27,200,Lib Optimization,6318.59,4.88
28,200,Nearest Neighbor,8701.39,0.0
28,200,Ant Colony Optimization,5899.76,54.71
28,200,Lib Optimization,5899.76,5.15
29,200,Nearest Neighbor,10680.09,0.0
29,200,Ant Colony Optimization,5808.99,54.82
29,200,Lib Optimization,5808.99,4.22
30,200,Nearest Neighbor,12980.87,0.0
30,200,Ant Colony Optimization,5873.61,54.64
30,200,Lib Optimization,5873.61,3.82
31,200,Nearest Neighbor,12516.46,0.0
31,200,Ant Colony Optimization,6493.99,54.93
31,200,Lib Optimization,6493.99,3.65
32,200,Nearest Neighbor,9801.26,0.0
32,200,Ant Colony Optimization,6027.37,55.15
32,200,Lib Optimization,6027.37,4.23
33,200,Nearest Neighbor,9017.2,0.0
33,200,Ant Colony Optimization,6323.92,55.0
33,200,Lib Optimization,6323.92,4.97
34,200,Nearest Neighbor,13864.25,0.0
34,200,Ant Colony Optimization,5661.34,55.08
34,200,Lib Optimization,5661.34,3.58
35,200,Nearest Neighbor,11008.79,0.0
35,200,Ant Colony Optimization,6470.38,54.75
35,200,Lib Optimization,6470.38,4.93
36,200,Nearest Neighbor,10825.62,0.0
36,200,Ant Colony Optimization,6146.5,54.78
36,200,Lib Optimization,6146.5,4.88
37,200,Nearest Neighbor,7848.09,0.0
37,200,Ant Colony Optimization,5955.59,54.89
37,200,Lib Optimization,5955.59,3.53
38,200,Nearest Neighbor,7668.02,0.0
38,200,Ant Colony Optimization,6150.19,54.91
38,200,Lib Optimization,6150.19,4.14
39,200,Nearest Neighbor,15281.15,0.0
39,200,Ant Colony Optimization,5658.55,54.53
39,200,Lib Optimization,5658.55,5.31
40,200,Nearest Neighbor,8965.91,0.0
40,200,Ant Colony Optimization,5307.55,54.76
40,200,Lib Optimization,5307.55,4.02
41,200,Nearest Neighbor,13788.48,0.0
41,200,Ant Colony Optimization,6019.66,54.83
41,200,Lib Optimization,6019.66,4.29
42,200,Nearest Neighbor,11058.74,0.0
42,200,Ant Colony Optimization,5659.83,54.68
42,200,Lib Optimization,5659.83,3.65
43,200,Nearest Neighbor,7861.58,0.0
43,200,Ant Colony Optimization,6041.92,54.78
43,200,Lib Optimization,6041.92,4.8
44,200,Nearest Neighbor,15667.04,0.0
44,200,Ant Colony Optimization,5941.43,54.95
44,200,Lib Optimization,5941.43,3.54
45,200,Nearest Neighbor,11172.16,0.0
45,200,Ant Colony Optimization,6274.06,54.82
45,200,Lib Optimization,6274.06,4.46
46,200,Nearest Neighbor,8179.24,0.0
46,200,Ant Colony Optimization,6331.05,54.89
46,200,Lib Optimization,6331.05,4.9
47,200,Nearest Neighbor,8282.23,0.0
47,200,Ant Colony Optimization,5743.92,54.91
47,200,Lib Optimization,5743.92,3.41
48,200,Nearest Neighbor,8080.43,0.0
48,200,Ant Colony Optimization,6630.69,54.72
48,200,Lib Optimization,6630.69,4.9
49,200,Nearest Neighbor,17003.9,0.0
49,200,Ant Colony Optimization,6718.25,54.57
49,200,Lib Optimization,6718.25,5.26
50,200,Nearest Neighbor,14236.75,0.0
50,200,Ant Colony Optimization,5484.4,54.71
50,200,Lib Optimization,5484.4,4.61
51,200,Nearest Neighbor,8329.81,0.0
51,200,Ant Colony Optimization,5669.66,54.83
51,200,Lib Optimization,5669.66,4.38
52,200,Nearest Neighbor,9119.06,0.0
52,200,Ant Colony Optimization,6168.42,54.74
52,200,Lib Optimization,6168.42,3.21
53,200,Nearest Neighbor,8744.9,0.0
53,200,Ant Colony Optimization,5593.29,54.81
53,200,Lib Optimization,5593.29,4.72
54,200,Nearest Neighbor,8612.13,0.0
54,200,Ant Colony Optimization,6034.91,54.6
54,200,Lib Optimization,6034.91,3.45
55,200,Nearest Neighbor,19444.72,0.0
55,200,Ant Colony Optimization,5912.49,54.8
55,200,Lib Optimization,5912.49,5.06
56,200,Nearest Neighbor,9264.28,0.0
56,200,Ant Colony Optimization,6275.43,54.67
56,200,Lib Optimization,6275.43,4.95
57,200,Nearest Neighbor,10967.73,0.0
57,200,Ant Colony Optimization,6633.37,54.83
57,200,Lib Optimization,6633.37,5.15
58,200,Nearest Neighbor,11440.6,0.0
58,200,Ant Colony Optimization,5963.81,54.67
58,200,Lib Optimization,5963.81,4.85
59,200,Nearest Neighbor,12749.23,0.0
59,200,Ant Colony Optimization,6346.35,54.71
59,200,Lib Optimization,6346.35,3.51
60,200,Nearest Neighbor,10222.71,0.0
60,200,Ant Colony Optimization,5965.53,54.71
60,200,Lib Optimization,5965.53,5.17
61,200,Nearest Neighbor,14430.97,0.0
61,200,Ant Colony Optimization,6567.55,54.96
61,200,Lib Optimization,6567.55,5.44
62,200,Nearest Neighbor,10588.82,0.0
62,200,Ant Colony Optimization,6966.58,54.84
62,200,Lib Optimization,6966.58,3.48
63,200,Nearest Neighbor,11406.51,0.0
63,200,Ant Colony Optimization,5545.97,55.02
63,200,Lib Optimization,5545.97,3.81
64,200,Nearest Neighbor,7676.82,0.0
64,200,Ant Colony Optimization,6317.88,54.89
64,200,Lib Optimization,6317.88,3.34
65,200,Nearest Neighbor,12480.17,0.0
65,200,Ant Colony Optimization,5471.74,54.87
65,200,Lib Optimization,5471.74,4.03
66,200,Nearest Neighbor,12503.41,0.0
66,200,Ant Colony Optimization,6034.86,54.82
66,200,Lib Optimization,6034.86,6.09
67,200,Nearest Neighbor,14005.39,0.0
67,200,Ant Colony Optimization,5945.85,54.88
67,200,Lib Optimization,5945.85,4.03
68,200,Nearest Neighbor,10399.14,0.0
68,200,Ant Colony Optimization,6460.12,54.87
68,200,Lib Optimization,6460.12,2.85
69,200,Nearest Neighbor,8351.71,0.0
69,200,Ant Colony Optimization,6171.18,54.68
69,200,Lib Optimization,6171.18,3.49
70,200,Nearest Neighbor,9675.85,0.0
70,200,Ant Colony Optimization,6532.23,55.03
70,200,Lib Optimization,6532.23,4.12
71,200,Nearest Neighbor,8667.76,0.0
71,200,Ant Colony Optimization,5578.97,54.79
71,200,Lib Optimization,5578.97,5.99
72,200,Nearest Neighbor,15045.17,0.0
72,200,Ant Colony Optimization,6351.99,55.29
72,200,Lib Optimization,6351.99,4.68
73,200,Nearest Neighbor,10727.06,0.0
73,200,Ant Colony Optimization,5911.94,54.85
73,200,Lib Optimization,5911.94,4.92
74,200,Nearest Neighbor,9224.41,0.0
74,200,Ant Colony Optimization,6182.03,55.19
74,200,Lib Optimization,6182.03,4.99
75,200,Nearest Neighbor,11027.12,0.0
75,200,Ant Colony Optimization,5429.93,55.1
75,200,Lib Optimization,5429.93,4.31
76,200,Nearest Neighbor,7898.78,0.0
76,200,Ant Colony Optimization,5464.39,54.85
76,200,Lib Optimization,5464.39,3.05
77,200,Nearest Neighbor,8729.99,0.0
77,200,Ant Colony Optimization,5937.49,54.93
77,200,Lib Optimization,5937.49,4.3
78,200,Nearest Neighbor,12343.03,0.0
78,200,Ant Colony Optimization,6540.14,55.2
78,200,Lib Optimization,6540.14,3.52
79,200,Nearest Neighbor,9633.62,0.0
79,200,Ant Colony Optimization,6511.61,54.88
79,200,Lib Optimization,6511.61,3.93
80,200,Nearest Neighbor,9953.83,0.0
80,200,Ant Colony Optimization,6465.57,54.99
80,200,Lib Optimization,6465.57,3.65
81,200,Nearest Neighbor,14737.44,0.0
81,200,Ant Colony Optimization,5941.79,55.16
81,200,Lib Optimization,5941.79,3.09
82,200,Nearest Neighbor,11797.54,0.0
82,200,Ant Colony Optimization,6374.55,55.04
82,200,Lib Optimization,6374.55,4.47
83,200,Nearest Neighbor,9594.27,0.0
83,200,Ant Colony Optimization,6615.13,55.01
83,200,Lib Optimization,6615.13,3.09
84,200,Nearest Neighbor,8605.11,0.0
84,200,Ant Colony Optimization,6656.45,54.9
84,200,Lib Optimization,6656.45,4.07
85,200,Nearest Neighbor,9549.86,0.0
85,200,Ant Colony Optimization,6240.15,55.17
85,200,Lib Optimization,6240.15,2.67
86,200,Nearest Neighbor,8466.03,0.0
86,200,Ant Colony Optimization,5813.19,55.14
86,200,Lib Optimization,5813.19,3.93
87,200,Nearest Neighbor,8265.43,0.0
87,200,Ant Colony Optimization,6105.29,55.12
87,200,Lib Optimization,6105.29,3.95
88,200,Nearest Neighbor,12592.07,0.0
88,200,Ant Colony Optimization,6334.33,54.92
88,200,Lib Optimization,6334.33,4.75
89,200,Nearest Neighbor,9158.54,0.0
89,200,Ant Colony Optimization,5879.73,54.75
89,200,Lib Optimization,5879.73,4.15
90,200,Nearest Neighbor,8658.41,0.0
90,200,Ant Colony Optimization,5878.91,55.05
90,200,Lib Optimization,5878.91,3.64
91,200,Nearest Neighbor,7804.4,0.0
91,200,Ant Colony Optimization,5862.7,54.74
91,200,Lib Optimization,5862.7,5.37
92,200,Nearest Neighbor,9163.05,0.0
92,200,Ant Colony Optimization,6176.54,54.91
92,200,Lib Optimization,6176.54,3.48
93,200,Nearest Neighbor,9086.58,0.0
93,200,Ant Colony Optimization,5830.92,54.67
93,200,Lib Optimization,5830.92,5.35
94,200,Nearest Neighbor,9622.48,0.0
94,200,Ant Colony Optimization,7425.7,54.99
94,200,Lib Optimization,7425.7,5.88
95,200,Nearest Neighbor,11163.17,0.0
95,200,Ant Colony Optimization,6266.75,54.71
95,200,Lib Optimization,6266.75,5.05
96,200,Nearest Neighbor,17337.14,0.0
96,200,Ant Colony Optimization,6528.06,54.94
96,200,Lib Optimization,6528.06,4.86
97,200,Nearest Neighbor,11656.91,0.0
97,200,Ant Colony Optimization,6098.6,54.75
97,200,Lib Optimization,6098.6,5.21
98,200,Nearest Neighbor,10506.5,0.0
98,200,Ant Colony Optimization,6150.64,54.84
98,200,Lib Optimization,6150.64,5.31
99,200,Nearest Neighbor,8633.31,0.0
99,200,Ant Colony Optimization,5850.24,54.66
99,200,Lib Optimization,5850.24,4.57
100,200,Nearest Neighbor,11182.96,0.0
100,200,Ant Colony Optimization,6515.88,54.75
100,200,Lib Optimization,6515.88,4.0
101,200,Nearest Neighbor,8956.96,0.0
101,200,Ant Colony Optimization,6115.25,54.68
101,200,Lib Optimization,6115.25,4.45
102,200,Nearest Neighbor,11188.56,0.0
102,200,Ant Colony Optimization,5942.94,54.76
102,200,Lib Optimization,5942.94,3.28
103,200,Nearest Neighbor,16365.96,0.0
103,200,Ant Colony Optimization,5984.65,55.19
103,200,Lib Optimization,5984.65,7.29
104,200,Nearest Neighbor,8691.78,0.0
104,200,Ant Colony Optimization,5978.65,55.04
104,200,Lib Optimization,5978.65,5.51
105,200,Nearest Neighbor,7992.25,0.0
105,200,Ant Colony Optimization,5567.14,54.87
105,200,Lib Optimization,5567.14,3.39
106,200,Nearest Neighbor,15015.02,0.0
106,200,Ant Colony Optimization,6169.44,54.75
106,200,Lib Optimization,6169.44,4.26
107,200,Nearest Neighbor,9412.2,0.0
107,200,Ant Colony Optimization,6116.05,54.83
107,200,Lib Optimization,6116.05,5.58
108,200,Nearest Neighbor,10595.94,0.0
108,200,Ant Colony Optimization,5538.92,54.76
108,200,Lib Optimization,5538.92,4.04
109,200,Nearest Neighbor,13043.88,0.0
109,200,Ant Colony Optimization,6017.98,54.82
109,200,Lib Optimization,6017.98,3.33
110,200,Nearest Neighbor,12126.74,0.0
110,200,Ant Colony Optimization,5695.81,54.69
110,200,Lib Optimization,5695.81,4.52
111,200,Nearest Neighbor,14057.46,0.0
111,200,Ant Colony Optimization,5752.2,54.79
111,200,Lib Optimization,5752.2,3.73
112,200,Nearest Neighbor,15936.86,0.0
112,200,Ant Colony Optimization,6644.16,54.91
112,200,Lib Optimization,6644.16,4.5
113,200,Nearest Neighbor,8690.24,0.0
113,200,Ant Colony Optimization,6689.82,54.77
113,200,Lib Optimization,6689.82,4.6
114,200,Nearest Neighbor,18525.25,0.0
114,200,Ant Colony Optimization,5891.8,54.56
114,200,Lib Optimization,5891.8,4.04
115,200,Nearest Neighbor,11653.59,0.0
115,200,Ant Colony Optimization,5796.19,54.55
115,200,Lib Optimization,5796.19,4.03
116,200,Nearest Neighbor,8461.9,0.0
116,200,Ant Colony Optimization,5932.26,54.64
116,200,Lib Optimization,5932.26,3.41
117,200,Nearest Neighbor,21325.36,0.0
117,200,Ant Colony Optimization,6330.7,54.82
117,200,Lib Optimization,6330.7,4.46
118,200,Nearest Neighbor,11108.23,0.0
118,200,Ant Colony Optimization,5747.87,54.96
118,200,Lib Optimization,5747.87,5.39
119,200,Nearest Neighbor,17147.13,0.0
119,200,Ant Colony Optimization,5579.15,54.82
119,200,Lib Optimization,5579.15,4.69
120,200,Nearest Neighbor,9269.79,0.0
120,200,Ant Colony Optimization,5865.91,54.9
120,200,Lib Optimization,5865.91,3.73
121,200,Nearest Neighbor,8235.56,0.0
121,200,Ant Colony Optimization,6038.73,54.79
121,200,Lib Optimization,6038.73,3.46
122,200,Nearest Neighbor,9357.1,0.0
122,200,Ant Colony Optimization,5634.94,54.47
122,200,Lib Optimization,5634.94,3.41
123,200,Nearest Neighbor,8453.36,0.0
123,200,Ant Colony Optimization,6080.81,54.76
123,200,Lib Optimization,6080.81,5.08
124,200,Nearest Neighbor,7526.41,0.0
124,200,Ant Colony Optimization,6150.28,54.85
124,200,Lib Optimization,6150.28,5.13
125,200,Nearest Neighbor,6801.56,0.0
125,200,Ant Colony Optimization,5868.62,55.0
125,200,Lib Optimization,5868.62,3.26
126,200,Nearest Neighbor,7610.8,0.0
126,200,Ant Colony Optimization,6005.11,54.84
126,200,Lib Optimization,6005.11,3.74
127,200,Nearest Neighbor,8518.83,0.0
127,200,Ant Colony Optimization,5921.7,54.7
127,200,Lib Optimization,5921.7,3.14
128,200,Nearest Neighbor,9944.98,0.0
128,200,Ant Colony Optimization,6259.91,54.88
128,200,Lib Optimization,6259.91,5.04
129,200,Nearest Neighbor,19721.65,0.0
129,200,Ant Colony Optimization,6699.46,55.17
129,200,Lib Optimization,6699.46,3.21
130,200,Nearest Neighbor,9810.02,0.0
130,200,Ant Colony Optimization,5826.03,55.13
130,200,Lib Optimization,5826.03,4.3
131,200,Nearest Neighbor,10917.45,0.0
131,200,Ant Colony Optimization,5650.95,55.11
131,200,Lib Optimization,5650.95,4.04
132,200,Nearest Neighbor,10689.43,0.0
132,200,Ant Colony Optimization,5282.26,55.1
132,200,Lib Optimization,5282.26,4.21
133,200,Nearest Neighbor,14898.01,0.0
133,200,Ant Colony Optimization,6083.87,55.12
133,200,Lib Optimization,6083.87,3.65
134,200,Nearest Neighbor,11977.68,0.0
134,200,Ant Colony Optimization,5895.22,55.03
134,200,Lib Optimization,5895.22,4.25
135,200,Nearest Neighbor,15803.63,0.0
135,200,Ant Colony Optimization,5719.98,55.25
135,200,Lib Optimization,5719.98,2.87
136,200,Nearest Neighbor,12925.74,0.0
136,200,Ant Colony Optimization,6278.86,55.25
136,200,Lib Optimization,6278.86,4.53
137,200,Nearest Neighbor,7877.34,0.0
137,200,Ant Colony Optimization,5981.68,54.92
137,200,Lib Optimization,5981.68,4.04
138,200,Nearest Neighbor,10956.98,0.0
138,200,Ant Colony Optimization,6500.74,54.9
138,200,Lib Optimization,6500.74,3.99
139,200,Nearest Neighbor,10276.06,0.0
139,200,Ant Colony Optimization,6311.68,54.94
139,200,Lib Optimization,6311.68,6.02
140,200,Nearest Neighbor,7777.96,0.0
140,200,Ant Colony Optimization,5723.82,54.93
140,200,Lib Optimization,5723.82,3.46
141,200,Nearest Neighbor,16179.66,0.0
141,200,Ant Colony Optimization,6218.89,54.64
141,200,Lib Optimization,6218.89,4.4
142,200,Nearest Neighbor,15631.19,0.0
142,200,Ant Colony Optimization,6133.12,54.95
142,200,Lib Optimization,6133.12,4.47
143,200,Nearest Neighbor,17724.45,0.0
143,200,Ant Colony Optimization,6053.95,54.77
143,200,Lib Optimization,6053.95,4.75
144,200,Nearest Neighbor,9317.98,0.0
144,200,Ant Colony Optimization,6439.78,54.87
144,200,Lib Optimization,6439.78,3.6
145,200,Nearest Neighbor,10892.83,0.0
145,200,Ant Colony Optimization,6783.27,54.96
145,200,Lib Optimization,6783.27,4.5
146,200,Nearest Neighbor,9206.97,0.0
146,200,Ant Colony Optimization,6411.45,54.75
146,200,Lib Optimization,6411.45,3.64
147,200,Nearest Neighbor,7773.96,0.0
147,200,Ant Colony Optimization,6360.59,54.88
147,200,Lib Optimization,6360.59,4.26
148,200,Nearest Neighbor,12936.78,0.0
148,200,Ant Colony Optimization,5753.16,54.8
148,200,Lib Optimization,5753.16,5.87
149,200,Nearest Neighbor,8983.28,0.0
149,200,Ant Colony Optimization,6174.31,54.86
149,200,Lib Optimization,6174.31,3.91
150,200,Nearest Neighbor,9936.51,0.0
150,200,Ant Colony Optimization,6197.03,55.04
150,200,Lib Optimization,6197.03,4.21
151,200,Nearest Neighbor,14882.95,0.0
151,200,Ant Colony Optimization,5837.6,54.79
151,200,Lib Optimization,5837.6,4.46
152,200,Nearest Neighbor,11022.57,0.0
152,200,Ant Colony Optimization,6944.34,54.99
152,200,Lib Optimization,6944.34,3.49
153,200,Nearest Neighbor,8765.78,0.0
153,200,Ant Colony Optimization,6047.04,54.84
153,200,Lib Optimization,6047.04,4.06
154,200,Nearest Neighbor,7513.69,0.0
154,200,Ant Colony Optimization,5950.36,54.71
154,200,Lib Optimization,5950.36,4.26
155,200,Nearest Neighbor,8085.09,0.0
155,200,Ant Colony Optimization,5394.48,54.89
155,200,Lib Optimization,5394.48,4.66
156,200,Nearest Neighbor,9039.22,0.0
156,200,Ant Colony Optimization,5946.6,54.67
156,200,Lib Optimization,5946.6,3.42
157,200,Nearest Neighbor,9568.36,0.0
157,200,Ant Colony Optimization,6338.84,54.87
157,200,Lib Optimization,6338.84,3.3
158,200,Nearest Neighbor,12324.13,0.0
158,200,Ant Colony Optimization,5733.0,54.78
158,200,Lib Optimization,5733.0,3.52
159,200,Nearest Neighbor,7338.9,0.0
159,200,Ant Colony Optimization,5756.58,54.67
159,200,Lib Optimization,5756.58,6.16
160,200,Nearest Neighbor,7665.56,0.0
160,200,Ant Colony Optimization,5786.08,55.08
160,200,Lib Optimization,5786.08,4.32
161,200,Nearest Neighbor,18436.8,0.0
161,200,Ant Colony Optimization,5836.44,54.78
161,200,Lib Optimization,5836.44,6.89
162,200,Nearest Neighbor,9114.48,0.0
162,200,Ant Colony Optimization,5587.6,54.77
162,200,Lib Optimization,5587.6,3.89
163,200,Nearest Neighbor,12753.55,0.0
163,200,Ant Colony Optimization,6454.09,54.86
163,200,Lib Optimization,6454.09,4.17
164,200,Nearest Neighbor,13790.09,0.0
164,200,Ant Colony Optimization,5400.12,54.79
164,200,Lib Optimization,5400.12,3.79
165,200,Nearest Neighbor,10713.4,0.0
165,200,Ant Colony Optimization,5163.47,54.73
165,200,Lib Optimization,5163.47,3.48
166,200,Nearest Neighbor,10724.29,0.0
166,200,Ant Colony Optimization,6218.09,54.99
166,200,Lib Optimization,6218.09,5.5
167,200,Nearest Neighbor,11067.58,0.0
167,200,Ant Colony Optimization,6430.58,55.01
167,200,Lib Optimization,6430.58,3.5
168,200,Nearest Neighbor,9968.85,0.0
168,200,Ant Colony Optimization,5964.37,55.04
168,200,Lib Optimization,5964.37,4.58
169,200,Nearest Neighbor,10275.61,0.0
169,200,Ant Colony Optimization,6456.85,54.88
169,200,Lib Optimization,6456.85,4.18
170,200,Nearest Neighbor,11011.15,0.0
170,200,Ant Colony Optimization,6110.97,54.81
170,200,Lib Optimization,6110.97,4.42
171,200,Nearest Neighbor,11371.45,0.0
171,200,Ant Colony Optimization,6484.56,54.85
171,200,Lib Optimization,6484.56,3.35
172,200,Nearest Neighbor,10202.39,0.0
172,200,Ant Colony Optimization,6494.9,54.69
172,200,Lib Optimization,6494.9,5.62
173,200,Nearest Neighbor,9447.05,0.0
173,200,Ant Colony Optimization,6210.41,54.92
173,200,Lib Optimization,6210.41,4.72
174,200,Nearest Neighbor,8077.86,0.0
174,200,Ant Colony Optimization,6050.29,55.12
174,200,Lib Optimization,6050.29,4.41
175,200,Nearest Neighbor,8060.23,0.0
175,200,Ant Colony Optimization,5791.32,54.83
175,200,Lib Optimization,5791.32,4.78
176,200,Nearest Neighbor,7674.49,0.0
176,200,Ant Colony Optimization,5612.11,55.03
176,200,Lib Optimization,5612.11,2.94
177,200,Nearest Neighbor,11596.92,0.0
177,200,Ant Colony Optimization,6190.46,54.91
177,200,Lib Optimization,6190.46,4.57
178,200,Nearest Neighbor,9045.98,0.0
178,200,Ant Colony Optimization,6414.83,55.08
178,200,Lib Optimization,6414.83,3.36
179,200,Nearest Neighbor,10369.94,0.0
179,200,Ant Colony Optimization,6208.08,54.91
179,200,Lib Optimization,6208.08,5.38
180,200,Nearest Neighbor,17712.84,0.0
180,200,Ant Colony Optimization,5728.46,54.99
180,200,Lib Optimization,5728.46,4.22
181,200,Nearest Neighbor,9406.42,0.0
181,200,Ant Colony Optimization,5885.82,55.06
181,200,Lib Optimization,5885.82,4.07
182,200,Nearest Neighbor,8987.15,0.0
182,200,Ant Colony Optimization,6177.52,54.98
182,200,Lib Optimization,6177.52,3.76
183,200,Nearest Neighbor,10507.22,0.0
183,200,Ant Colony Optimization,5792.69,54.8
183,200,Lib Optimization,5792.69,3.31
184,200,Nearest Neighbor,11590.89,0.0
184,200,Ant Colony Optimization,6262.25,54.86
184,200,Lib Optimization,6262.25,3.18
185,200,Nearest Neighbor,11046.34,0.0
185,200,Ant Colony Optimization,5830.11,54.9
185,200,Lib Optimization,5830.11,5.21
186,200,Nearest Neighbor,16109.53,0.0
186,200,Ant Colony Optimization,6083.14,54.92
186,200,Lib Optimization,6083.14,3.81
187,200,Nearest Neighbor,8490.89,0.0
187,200,Ant Colony Optimization,5654.85,54.64
187,200,Lib Optimization,5654.85,4.61
188,200,Nearest Neighbor,17740.72,0.0
188,200,Ant Colony Optimization,7176.7,54.75
188,200,Lib Optimization,7176.7,3.35
189,200,Nearest Neighbor,7904.37,0.0
189,200,Ant Colony Optimization,5807.71,54.96
189,200,Lib Optimization,5807.71,3.32
190,200,Nearest Neighbor,8850.14,0.0
190,200,Ant Colony Optimization,5374.76,54.99
190,200,Lib Optimization,5374.76,6.04
191,200,Nearest Neighbor,8358.8,0.0
191,200,Ant Colony Optimization,5848.73,54.74
191,200,Lib Optimization,5848.73,4.13
192,200,Nearest Neighbor,9184.6,0.0
192,200,Ant Colony Optimization,5975.64,54.84
192,200,Lib Optimization,5975.64,5.42
193,200,Nearest Neighbor,10578.24,0.0
193,200,Ant Colony Optimization,5781.54,54.82
193,200,Lib Optimization,5781.54,5.4
194,200,Nearest Neighbor,14777.89,0.0
194,200,Ant Colony Optimization,6541.68,55.04
194,200,Lib Optimization,6541.68,3.62
195,200,Nearest Neighbor,9275.15,0.0
195,200,Ant Colony Optimization,6813.3,54.88
195,200,Lib Optimization,6813.3,4.6
196,200,Nearest Neighbor,7457.08,0.0
196,200,Ant Colony Optimization,6232.25,54.75
196,200,Lib Optimization,6232.25,3.79
197,200,Nearest Neighbor,13456.97,0.0
197,200,Ant Colony Optimization,6364.83,54.68
197,200,Lib Optimization,6364.83,4.42
198,200,Nearest Neighbor,8117.5,0.0
198,200,Ant Colony Optimization,6063.24,54.89
198,200,Lib Optimization,6063.24,3.86
199,200,Nearest Neighbor,9283.04,0.0
199,200,Ant Colony Optimization,5742.27,54.73
199,200,Lib Optimization,5742.27,3.09
0,400,Nearest Neighbor,13148.78,0.02
0,400,Ant Colony Optimization,8487.26,179.05
0,400,Lib Optimization,8487.26,44.83
1,400,Nearest Neighbor,13473.33,0.02
1,400,Ant Colony Optimization,9005.51,179.5
1,400,Lib Optimization,9005.51,27.72
2,400,Nearest Neighbor,11299.71,0.02
2,400,Ant Colony Optimization,9016.49,178.87
2,400,Lib Optimization,9016.49,38.53
3,400,Nearest Neighbor,11626.58,0.02
3,400,Ant Colony Optimization,8903.24,179.23
3,400,Lib Optimization,8903.24,33.19
4,400,Nearest Neighbor,18577.87,0.02
4,400,Ant Colony Optimization,9477.55,179.13
4,400,Lib Optimization,9477.55,33.5
5,400,Nearest Neighbor,11299.87,0.02
5,400,Ant Colony Optimization,9635.94,179.1
5,400,Lib Optimization,9635.94,43.85
6,400,Nearest Neighbor,20984.6,0.02
6,400,Ant Colony Optimization,8926.06,179.76
6,400,Lib Optimization,8926.06,38.36
7,400,Nearest Neighbor,9690.49,0.02
7,400,Ant Colony Optimization,8893.02,179.66
7,400,Lib Optimization,8893.02,34.51
8,400,Nearest Neighbor,13913.11,0.02
8,400,Ant Colony Optimization,9128.23,179.96
8,400,Lib Optimization,9128.23,34.26
9,400,Nearest Neighbor,20954.83,0.02
9,400,Ant Colony Optimization,8819.66,179.7
9,400,Lib Optimization,8819.66,38.07
10,400,Nearest Neighbor,12985.64,0.02
10,400,Ant Colony Optimization,9392.06,179.15
10,400,Lib Optimization,9392.06,31.24
11,400,Nearest Neighbor,14434.19,0.02
11,400,Ant Colony Optimization,8949.04,179.46
11,400,Lib Optimization,8949.04,31.8
12,400,Nearest Neighbor,11192.98,0.02
12,400,Ant Colony Optimization,8874.67,180.14
12,400,Lib Optimization,8874.67,30.26
13,400,Nearest Neighbor,11559.28,0.02
13,400,Ant Colony Optimization,9438.04,179.06
13,400,Lib Optimization,9438.04,35.13
14,400,Nearest Neighbor,19752.93,0.02
14,400,Ant Colony Optimization,9568.79,179.54
14,400,Lib Optimization,9568.79,42.91
15,400,Nearest Neighbor,10410.36,0.02
15,400,Ant Colony Optimization,8880.56,179.57
15,400,Lib Optimization,8880.56,35.27
16,400,Nearest Neighbor,11031.37,0.02
16,400,Ant Colony Optimization,9304.88,179.44
16,400,Lib Optimization,9304.88,29.78
17,400,Nearest Neighbor,12875.05,0.02
17,400,Ant Colony Optimization,8789.4,179.35
17,400,Lib Optimization,8789.4,31.1
18,400,Nearest Neighbor,12474.13,0.02
18,400,Ant Colony Optimization,8542.74,179.16
18,400,Lib Optimization,8542.74,31.86
19,400,Nearest Neighbor,12049.44,0.02
19,400,Ant Colony Optimization,8909.27,178.52
19,400,Lib Optimization,8909.27,38.22
20,400,Nearest Neighbor,17842.99,0.02
20,400,Ant Colony Optimization,9033.23,179.56
20,400,Lib Optimization,9033.23,34.31
21,400,Nearest Neighbor,16125.24,0.02
21,400,Ant Colony Optimization,9802.29,179.15
21,400,Lib Optimization,9802.29,36.07
22,400,Nearest Neighbor,11893.95,0.02
22,400,Ant Colony Optimization,8729.97,179.23
22,400,Lib Optimization,8729.97,43.29
23,400,Nearest Neighbor,9598.42,0.02
23,400,Ant Colony Optimization,9014.78,179.07
23,400,Lib Optimization,9014.78,45.46
24,400,Nearest Neighbor,12458.08,0.02
24,400,Ant Colony Optimization,9299.53,179.28
24,400,Lib Optimization,9299.53,31.79
25,400,Nearest Neighbor,14690.68,0.02
25,400,Ant Colony Optimization,9043.65,178.62
25,400,Lib Optimization,9043.65,41.09
26,400,Nearest Neighbor,11395.29,0.02
26,400,Ant Colony Optimization,9459.03,179.2
26,400,Lib Optimization,9459.03,34.01
27,400,Nearest Neighbor,12176.75,0.02
27,400,Ant Colony Optimization,9211.08,179.34
27,400,Lib Optimization,9211.08,35.17
28,400,Nearest Neighbor,10762.33,0.02
28,400,Ant Colony Optimization,9286.91,179.77
28,400,Lib Optimization,9286.91,28.78
29,400,Nearest Neighbor,10764.75,0.02
29,400,Ant Colony Optimization,8934.38,183.43
29,400,Lib Optimization,8934.38,31.78
30,400,Nearest Neighbor,12164.64,0.02
30,400,Ant Colony Optimization,9006.29,186.91
30,400,Lib Optimization,9006.29,35.27
31,400,Nearest Neighbor,10307.83,0.02
31,400,Ant Colony Optimization,9079.78,184.7
31,400,Lib Optimization,9079.78,35.23
32,400,Nearest Neighbor,11418.5,0.02
32,400,Ant Colony Optimization,9104.62,179.47
32,400,Lib Optimization,9104.62,29.13
33,400,Nearest Neighbor,10978.66,0.02
33,400,Ant Colony Optimization,9119.88,179.09
33,400,Lib Optimization,9119.88,46.47
34,400,Nearest Neighbor,11949.62,0.02
34,400,Ant Colony Optimization,9976.44,179.11
34,400,Lib Optimization,9976.44,42.15
35,400,Nearest Neighbor,11098.41,0.02
35,400,Ant Colony Optimization,9406.89,179.32
35,400,Lib Optimization,9406.89,29.43
36,400,Nearest Neighbor,13801.38,0.02
36,400,Ant Colony Optimization,9383.04,179.6
36,400,Lib Optimization,9383.04,36.55
37,400,Nearest Neighbor,10540.66,0.02
37,400,Ant Colony Optimization,8523.91,179.75
37,400,Lib Optimization,8523.91,38.53
38,400,Nearest Neighbor,12692.06,0.02
38,400,Ant Colony Optimization,9239.16,179.69
38,400,Lib Optimization,9239.16,26.49
39,400,Nearest Neighbor,10825.37,0.02
39,400,Ant Colony Optimization,9655.1,179.4
39,400,Lib Optimization,9655.1,25.73
40,400,Nearest Neighbor,11147.25,0.02
40,400,Ant Colony Optimization,9439.87,179.78
40,400,Lib Optimization,9439.87,43.93
41,400,Nearest Neighbor,12428.99,0.02
41,400,Ant Colony Optimization,9168.25,179.85
41,400,Lib Optimization,9168.25,29.28
42,400,Nearest Neighbor,9783.87,0.02
42,400,Ant Colony Optimization,8893.76,179.73
42,400,Lib Optimization,8893.76,34.72
43,400,Nearest Neighbor,12848.29,0.02
43,400,Ant Colony Optimization,9054.35,179.71
43,400,Lib Optimization,9054.35,44.07
44,400,Nearest Neighbor,10937.18,0.02
44,400,Ant Colony Optimization,9343.16,179.9
44,400,Lib Optimization,9343.16,36.94
45,400,Nearest Neighbor,12361.95,0.02
45,400,Ant Colony Optimization,8870.44,179.64
45,400,Lib Optimization,8870.44,29.05
46,400,Nearest Neighbor,14023.99,0.02
46,400,Ant Colony Optimization,8540.09,179.41
46,400,Lib Optimization,8540.09,31.35
47,400,Nearest Neighbor,11594.65,0.02
47,400,Ant Colony Optimization,9083.34,179.92
47,400,Lib Optimization,9083.34,35.42
48,400,Nearest Neighbor,20505.45,0.02
48,400,Ant Colony Optimization,8685.43,179.95
48,400,Lib Optimization,8685.43,36.35
49,400,Nearest Neighbor,10907.24,0.02
49,400,Ant Colony Optimization,9586.29,179.62
49,400,Lib Optimization,9586.29,34.24
50,400,Nearest Neighbor,17278.79,0.02
50,400,Ant Colony Optimization,9518.74,180.07
50,400,Lib Optimization,9518.74,37.33
51,400,Nearest Neighbor,11871.29,0.02
51,400,Ant Colony Optimization,8783.38,180.02
51,400,Lib Optimization,8783.38,26.05
52,400,Nearest Neighbor,10442.82,0.02
52,400,Ant Colony Optimization,8938.54,180.42
52,400,Lib Optimization,8938.54,39.03
53,400,Nearest Neighbor,12565.11,0.02
53,400,Ant Colony Optimization,8816.49,180.15
53,400,Lib Optimization,8816.49,26.5
54,400,Nearest Neighbor,13444.29,0.02
54,400,Ant Colony Optimization,9346.75,180.16
54,400,Lib Optimization,9346.75,33.56
55,400,Nearest Neighbor,11268.9,0.02
55,400,Ant Colony Optimization,8926.28,179.76
55,400,Lib Optimization,8926.28,29.29
56,400,Nearest Neighbor,12466.63,0.02
56,400,Ant Colony Optimization,8973.86,180.18
56,400,Lib Optimization,8973.86,31.58
57,400,Nearest Neighbor,17731.06,0.02
57,400,Ant Colony Optimization,9107.14,180.12
57,400,Lib Optimization,9107.14,35.92
58,400,Nearest Neighbor,9374.03,0.02
58,400,Ant Colony Optimization,9016.55,180.17
58,400,Lib Optimization,9016.55,32.95
59,400,Nearest Neighbor,13993.06,0.02
59,400,Ant Colony Optimization,9141.87,179.87
59,400,Lib Optimization,9141.87,29.27
60,400,Nearest Neighbor,12142.55,0.02
60,400,Ant Colony Optimization,9254.94,179.46
60,400,Lib Optimization,9254.94,35.32
61,400,Nearest Neighbor,10439.16,0.02
61,400,Ant Colony Optimization,9400.41,180.1
61,400,Lib Optimization,9400.41,48.59
62,400,Nearest Neighbor,15342.18,0.02
62,400,Ant Colony Optimization,9623.55,179.55
62,400,Lib Optimization,9623.55,31.18
63,400,Nearest Neighbor,21781.58,0.02
63,400,Ant Colony Optimization,9023.57,179.52
63,400,Lib Optimization,9023.57,32.58
64,400,Nearest Neighbor,13496.45,0.02
64,400,Ant Colony Optimization,9552.66,179.73
64,400,Lib Optimization,9552.66,33.23
65,400,Nearest Neighbor,14438.86,0.02
65,400,Ant Colony Optimization,8845.24,179.55
65,400,Lib Optimization,8845.24,30.98
66,400,Nearest Neighbor,13117.36,0.02
66,400,Ant Colony Optimization,9216.64,179.59
66,400,Lib Optimization,9216.64,24.31
67,400,Nearest Neighbor,14605.39,0.02
67,400,Ant Colony Optimization,9218.47,179.66
67,400,Lib Optimization,9218.47,35.22
68,400,Nearest Neighbor,18888.41,0.02
68,400,Ant Colony Optimization,9667.02,180.26
68,400,Lib Optimization,9667.02,28.27
69,400,Nearest Neighbor,18061.62,0.02
69,400,Ant Colony Optimization,9369.65,179.65
69,400,Lib Optimization,9369.65,41.23
70,400,Nearest Neighbor,11794.06,0.02
70,400,Ant Colony Optimization,9059.84,179.94
70,400,Lib Optimization,9059.84,39.34
71,400,Nearest Neighbor,12525.44,0.02
71,400,Ant Colony Optimization,9546.56,179.75
71,400,Lib Optimization,9546.56,32.98
72,400,Nearest Neighbor,11227.34,0.02
72,400,Ant Colony Optimization,8652.39,179.4
72,400,Lib Optimization,8652.39,31.07
73,400,Nearest Neighbor,11531.82,0.02
73,400,Ant Colony Optimization,8868.13,179.78
73,400,Lib Optimization,8868.13,35.82
74,400,Nearest Neighbor,14540.36,0.02
74,400,Ant Colony Optimization,9449.26,179.54
74,400,Lib Optimization,9449.26,32.15
75,400,Nearest Neighbor,14166.11,0.02
75,400,Ant Colony Optimization,9078.43,179.32
75,400,Lib Optimization,9078.43,29.6
76,400,Nearest Neighbor,12452.42,0.02
76,400,Ant Colony Optimization,9114.11,179.43
76,400,Lib Optimization,9114.11,32.94
77,400,Nearest Neighbor,24253.0,0.02
77,400,Ant Colony Optimization,8447.6,179.97
77,400,Lib Optimization,8447.6,44.98
78,400,Nearest Neighbor,10430.24,0.02
78,400,Ant Colony Optimization,9053.31,180.28
78,400,Lib Optimization,9053.31,32.54
79,400,Nearest Neighbor,15636.6,0.02
79,400,Ant Colony Optimization,9046.08,179.06
79,400,Lib Optimization,9046.08,33.05
80,400,Nearest Neighbor,15889.6,0.02
80,400,Ant Colony Optimization,9168.67,179.89
80,400,Lib Optimization,9168.67,23.51
81,400,Nearest Neighbor,11556.43,0.02
81,400,Ant Colony Optimization,9513.77,180.3
81,400,Lib Optimization,9513.77,30.53
82,400,Nearest Neighbor,17541.87,0.02
82,400,Ant Colony Optimization,9468.91,179.97
82,400,Lib Optimization,9468.91,40.15
83,400,Nearest Neighbor,14868.49,0.02
83,400,Ant Colony Optimization,8668.3,179.75
83,400,Lib Optimization,8668.3,31.7
84,400,Nearest Neighbor,12295.61,0.02
84,400,Ant Colony Optimization,9246.09,180.47
84,400,Lib Optimization,9246.09,34.61
85,400,Nearest Neighbor,14630.92,0.02
85,400,Ant Colony Optimization,9303.26,180.55
85,400,Lib Optimization,9303.26,35.64
86,400,Nearest Neighbor,12657.93,0.02
86,400,Ant Colony Optimization,9431.61,179.58
86,400,Lib Optimization,9431.61,30.86
87,400,Nearest Neighbor,14312.79,0.02
87,400,Ant Colony Optimization,9087.87,179.7
87,400,Lib Optimization,9087.87,40.0
88,400,Nearest Neighbor,13672.55,0.02
88,400,Ant Colony Optimization,9603.4,179.61
88,400,Lib Optimization,9603.4,42.3
89,400,Nearest Neighbor,11620.74,0.02
89,400,Ant Colony Optimization,9197.41,179.55
89,400,Lib Optimization,9197.41,36.45
90,400,Nearest Neighbor,11572.24,0.02
90,400,Ant Colony Optimization,9336.19,179.72
90,400,Lib Optimization,9336.19,28.97
91,400,Nearest Neighbor,10336.72,0.02
91,400,Ant Colony Optimization,8094.6,179.46
91,400,Lib Optimization,8094.6,32.03
92,400,Nearest Neighbor,11827.05,0.02
92,400,Ant Colony Optimization,8849.1,179.14
92,400,Lib Optimization,8849.1,32.83
93,400,Nearest Neighbor,13342.13,0.02
93,400,Ant Colony Optimization,9587.44,179.11
93,400,Lib Optimization,9587.44,39.6
94,400,Nearest Neighbor,9811.03,0.02
94,400,Ant Colony Optimization,9664.04,179.55
94,400,Lib Optimization,9664.04,28.13
95,400,Nearest Neighbor,11255.28,0.02
95,400,Ant Colony Optimization,9229.26,178.78
95,400,Lib Optimization,9229.26,36.84
96,400,Nearest Neighbor,10387.18,0.02
96,400,Ant Colony Optimization,9638.73,179.81
96,400,Lib Optimization,9638.73,29.69
97,400,Nearest Neighbor,13805.03,0.02
97,400,Ant Colony Optimization,8449.03,179.79
97,400,Lib Optimization,8449.03,31.91
98,400,Nearest Neighbor,13165.81,0.02
98,400,Ant Colony Optimization,9372.31,179.42
98,400,Lib Optimization,9372.31,37.31
99,400,Nearest Neighbor,16963.67,0.02
99,400,Ant Colony Optimization,9241.16,179.61
99,400,Lib Optimization,9241.16,30.73
100,400,Nearest Neighbor,11555.44,0.02
100,400,Ant Colony Optimization,9201.89,179.78
100,400,Lib Optimization,9201.89,31.41
101,400,Nearest Neighbor,14638.11,0.02
101,400,Ant Colony Optimization,8913.44,179.24
101,400,Lib Optimization,8913.44,38.63
102,400,Nearest Neighbor,14896.51,0.02
102,400,Ant Colony Optimization,9034.75,179.55
102,400,Lib Optimization,9034.75,33.45
103,400,Nearest Neighbor,12520.98,0.02
103,400,Ant Colony Optimization,9579.95,178.92
103,400,Lib Optimization,9579.95,42.79
104,400,Nearest Neighbor,10687.21,0.02
104,400,Ant Colony Optimization,9325.58,179.72
104,400,Lib Optimization,9325.58,42.63
105,400,Nearest Neighbor,10409.95,0.02
105,400,Ant Colony Optimization,8809.66,179.3
105,400,Lib Optimization,8809.66,29.3
106,400,Nearest Neighbor,10078.64,0.02
106,400,Ant Colony Optimization,8927.99,179.39
106,400,Lib Optimization,8927.99,45.17
107,400,Nearest Neighbor,13032.12,0.02
107,400,Ant Colony Optimization,9502.41,179.22
107,400,Lib Optimization,9502.41,36.52
108,400,Nearest Neighbor,13327.96,0.02
108,400,Ant Colony Optimization,9294.96,179.35
108,400,Lib Optimization,9294.96,31.33
109,400,Nearest Neighbor,19186.97,0.02
109,400,Ant Colony Optimization,9076.0,179.53
109,400,Lib Optimization,9076.0,26.69
110,400,Nearest Neighbor,14522.54,0.02
110,400,Ant Colony Optimization,8944.79,179.47
110,400,Lib Optimization,8944.79,29.46
111,400,Nearest Neighbor,16485.19,0.02
111,400,Ant Colony Optimization,9239.94,180.15
111,400,Lib Optimization,9239.94,29.97
112,400,Nearest Neighbor,12271.95,0.02
112,400,Ant Colony Optimization,9126.81,179.32
112,400,Lib Optimization,9126.81,32.36
113,400,Nearest Neighbor,12932.23,0.02
113,400,Ant Colony Optimization,9739.41,179.86
113,400,Lib Optimization,9739.41,33.98
114,400,Nearest Neighbor,11217.98,0.02
114,400,Ant Colony Optimization,9085.76,183.0
114,400,Lib Optimization,9085.76,35.18
115,400,Nearest Neighbor,9933.92,0.02
115,400,Ant Colony Optimization,8240.01,182.2
115,400,Lib Optimization,8240.01,31.71
116,400,Nearest Neighbor,10752.03,0.02
116,400,Ant Colony Optimization,8612.87,180.09
116,400,Lib Optimization,8612.87,46.03
117,400,Nearest Neighbor,13299.88,0.02
117,400,Ant Colony Optimization,9380.26,179.78
117,400,Lib Optimization,9380.26,45.05
118,400,Nearest Neighbor,12454.39,0.02
118,400,Ant Colony Optimization,10172.54,179.7
118,400,Lib Optimization,10172.54,46.14
119,400,Nearest Neighbor,12515.9,0.02
119,400,Ant Colony Optimization,9556.99,179.6
119,400,Lib Optimization,9556.99,50.38
120,400,Nearest Neighbor,23172.27,0.02
120,400,Ant Colony Optimization,9036.9,179.63
120,400,Lib Optimization,9036.9,32.0
121,400,Nearest Neighbor,12078.39,0.02
121,400,Ant Colony Optimization,9302.57,179.89
121,400,Lib Optimization,9302.57,45.01
122,400,Nearest Neighbor,9800.53,0.02
122,400,Ant Colony Optimization,8928.86,179.01
122,400,Lib Optimization,8928.86,39.3
123,400,Nearest Neighbor,10900.13,0.02
123,400,Ant Colony Optimization,8934.69,178.86
123,400,Lib Optimization,8934.69,35.34
124,400,Nearest Neighbor,9765.36,0.02
124,400,Ant Colony Optimization,8658.48,179.67
124,400,Lib Optimization,8658.48,41.37
125,400,Nearest Neighbor,17456.03,0.02
125,400,Ant Colony Optimization,9172.68,179.82
125,400,Lib Optimization,9172.68,32.16
126,400,Nearest Neighbor,12447.8,0.02
126,400,Ant Colony Optimization,9024.71,179.64
126,400,Lib Optimization,9024.71,39.07
127,400,Nearest Neighbor,10601.71,0.02
127,400,Ant Colony Optimization,8998.44,178.85
127,400,Lib Optimization,8998.44,29.24
128,400,Nearest Neighbor,20313.84,0.02
128,400,Ant Colony Optimization,8725.14,179.66
128,400,Lib Optimization,8725.14,27.7
129,400,Nearest Neighbor,11123.07,0.02
129,400,Ant Colony Optimization,9638.65,179.46
129,400,Lib Optimization,9638.65,45.81
130,400,Nearest Neighbor,13486.2,0.02
130,400,Ant Colony Optimization,8785.54,179.06
130,400,Lib Optimization,8785.54,31.67
131,400,Nearest Neighbor,13521.27,0.02
131,400,Ant Colony Optimization,9142.37,179.15
131,400,Lib Optimization,9142.37,32.14
132,400,Nearest Neighbor,14721.76,0.02
132,400,Ant Colony Optimization,9150.5,179.89
132,400,Lib Optimization,9150.5,28.44
133,400,Nearest Neighbor,10533.25,0.02
133,400,Ant Colony Optimization,8755.37,179.1
133,400,Lib Optimization,8755.37,31.26
134,400,Nearest Neighbor,14701.01,0.02
134,400,Ant Colony Optimization,9167.78,179.27
134,400,Lib Optimization,9167.78,31.14
135,400,Nearest Neighbor,10664.67,0.02
135,400,Ant Colony Optimization,8942.46,179.07
135,400,Lib Optimization,8942.46,37.48
136,400,Nearest Neighbor,11794.75,0.02
136,400,Ant Colony Optimization,9106.94,178.84
136,400,Lib Optimization,9106.94,33.88
137,400,Nearest Neighbor,10527.54,0.02
137,400,Ant Colony Optimization,9130.28,179.26
137,400,Lib Optimization,9130.28,29.47
138,400,Nearest Neighbor,16193.34,0.02
138,400,Ant Colony Optimization,9004.61,179.84
138,400,Lib Optimization,9004.61,30.15
139,400,Nearest Neighbor,11549.08,0.02
139,400,Ant Colony Optimization,8600.29,180.05
139,400,Lib Optimization,8600.29,41.04
140,400,Nearest Neighbor,11208.93,0.02
140,400,Ant Colony Optimization,8415.3,179.44
140,400,Lib Optimization,8415.3,34.49
141,400,Nearest Neighbor,12196.37,0.02
141,400,Ant Colony Optimization,9201.26,179.65
141,400,Lib Optimization,9201.26,29.84
142,400,Nearest Neighbor,11288.42,0.02
142,400,Ant Colony Optimization,9014.39,179.95
142,400,Lib Optimization,9014.39,27.4
143,400,Nearest Neighbor,16592.71,0.02
143,400,Ant Colony Optimization,9018.06,179.89
143,400,Lib Optimization,9018.06,34.1
144,400,Nearest Neighbor,10509.47,0.02
144,400,Ant Colony Optimization,8951.7,179.79
144,400,Lib Optimization,8951.7,34.91
145,400,Nearest Neighbor,10302.47,0.02
145,400,Ant Colony Optimization,8426.86,179.84
145,400,Lib Optimization,8426.86,37.59
146,400,Nearest Neighbor,12185.18,0.02
146,400,Ant Colony Optimization,9059.85,179.54
146,400,Lib Optimization,9059.85,29.76
147,400,Nearest Neighbor,11569.77,0.02
147,400,Ant Colony Optimization,9565.97,179.71
147,400,Lib Optimization,9565.97,35.04
148,400,Nearest Neighbor,14365.44,0.02
148,400,Ant Colony Optimization,8820.53,179.42
148,400,Lib Optimization,8820.53,38.45
149,400,Nearest Neighbor,15536.16,0.02
149,400,Ant Colony Optimization,9078.15,180.1
149,400,Lib Optimization,9078.15,34.97
150,400,Nearest Neighbor,11188.23,0.02
150,400,Ant Colony Optimization,9310.97,179.56
150,400,Lib Optimization,9310.97,33.71
151,400,Nearest Neighbor,14304.74,0.02
151,400,Ant Colony Optimization,9536.37,179.54
151,400,Lib Optimization,9536.37,31.29
152,400,Nearest Neighbor,11500.27,0.02
152,400,Ant Colony Optimization,9162.7,179.19
152,400,Lib Optimization,9162.7,26.48
153,400,Nearest Neighbor,13391.62,0.02
153,400,Ant Colony Optimization,9808.12,179.43
153,400,Lib Optimization,9808.12,26.27
154,400,Nearest Neighbor,11273.1,0.02
154,400,Ant Colony Optimization,9508.17,180.04
154,400,Lib Optimization,9508.17,33.1
155,400,Nearest Neighbor,10736.71,0.02
155,400,Ant Colony Optimization,9021.96,179.53
155,400,Lib Optimization,9021.96,31.71
156,400,Nearest Neighbor,10791.63,0.02
156,400,Ant Colony Optimization,8974.08,178.89
156,400,Lib Optimization,8974.08,51.82
157,400,Nearest Neighbor,16043.59,0.02
157,400,Ant Colony Optimization,9011.55,179.5
157,400,Lib Optimization,9011.55,26.59
158,400,Nearest Neighbor,9797.28,0.02
158,400,Ant Colony Optimization,9007.67,180.04
158,400,Lib Optimization,9007.67,33.53
159,400,Nearest Neighbor,11491.25,0.02
159,400,Ant Colony Optimization,9144.16,180.26
159,400,Lib Optimization,9144.16,40.55
160,400,Nearest Neighbor,12992.01,0.02
160,400,Ant Colony Optimization,9237.03,179.66
160,400,Lib Optimization,9237.03,37.75
161,400,Nearest Neighbor,14438.27,0.02
161,400,Ant Colony Optimization,9441.87,179.84
161,400,Lib Optimization,9441.87,30.18
162,400,Nearest Neighbor,12307.53,0.02
162,400,Ant Colony Optimization,9188.44,179.71
162,400,Lib Optimization,9188.44,29.29
163,400,Nearest Neighbor,13547.35,0.02
163,400,Ant Colony Optimization,9547.97,179.6
163,400,Lib Optimization,9547.97,33.64
164,400,Nearest Neighbor,23253.47,0.02
164,400,Ant Colony Optimization,9039.21,179.3
164,400,Lib Optimization,9039.21,28.93
165,400,Nearest Neighbor,12815.43,0.02
165,400,Ant Colony Optimization,9532.32,179.59
165,400,Lib Optimization,9532.32,33.45
166,400,Nearest Neighbor,14154.81,0.02
166,400,Ant Colony Optimization,9131.03,180.17
166,400,Lib Optimization,9131.03,30.43
167,400,Nearest Neighbor,12935.04,0.02
167,400,Ant Colony Optimization,9650.56,179.89
167,400,Lib Optimization,9650.56,34.08
168,400,Nearest Neighbor,10824.01,0.02
168,400,Ant Colony Optimization,8803.46,179.86
168,400,Lib Optimization,8803.46,36.51
169,400,Nearest Neighbor,12968.19,0.02
169,400,Ant Colony Optimization,9090.44,180.0
169,400,Lib Optimization,9090.44,30.45
170,400,Nearest Neighbor,18201.08,0.02
170,400,Ant Colony Optimization,9445.6,180.21
170,400,Lib Optimization,9445.6,33.5
171,400,Nearest Neighbor,21285.85,0.02
171,400,Ant Colony Optimization,9491.29,179.6
171,400,Lib Optimization,9491.29,34.8
172,400,Nearest Neighbor,13967.86,0.02
172,400,Ant Colony Optimization,9225.55,179.65
172,400,Lib Optimization,9225.55,36.44
173,400,Nearest Neighbor,13366.58,0.02
173,400,Ant Colony Optimization,9055.04,179.21
173,400,Lib Optimization,9055.04,38.66
174,400,Nearest Neighbor,14802.76,0.02
174,400,Ant Colony Optimization,9044.92,179.57
174,400,Lib Optimization,9044.92,38.64
175,400,Nearest Neighbor,11134.29,0.02
175,400,Ant Colony Optimization,9248.78,179.45
175,400,Lib Optimization,9248.78,33.49
176,400,Nearest Neighbor,10723.52,0.02
176,400,Ant Colony Optimization,9409.36,179.71
176,400,Lib Optimization,9409.36,30.06
177,400,Nearest Neighbor,13049.52,0.02
177,400,Ant Colony Optimization,8796.16,179.95
177,400,Lib Optimization,8796.16,34.57
178,400,Nearest Neighbor,12796.72,0.02
178,400,Ant Colony Optimization,9614.55,179.82
178,400,Lib Optimization,9614.55,30.06
179,400,Nearest Neighbor,19979.08,0.02
179,400,Ant Colony Optimization,9636.25,179.21
179,400,Lib Optimization,9636.25,40.39
180,400,Nearest Neighbor,12346.92,0.02
180,400,Ant Colony Optimization,9009.06,179.58
180,400,Lib Optimization,9009.06,33.65
181,400,Nearest Neighbor,20648.71,0.02
181,400,Ant Colony Optimization,9051.36,179.77
181,400,Lib Optimization,9051.36,28.28
182,400,Nearest Neighbor,14750.94,0.02
182,400,Ant Colony Optimization,9358.91,179.24
182,400,Lib Optimization,9358.91,31.13
183,400,Nearest Neighbor,10741.97,0.02
183,400,Ant Colony Optimization,9273.8,179.33
183,400,Lib Optimization,9273.8,37.89
184,400,Nearest Neighbor,11294.39,0.02
184,400,Ant Colony Optimization,8846.95,179.5
184,400,Lib Optimization,8846.95,33.2
185,400,Nearest Neighbor,13712.97,0.02
185,400,Ant Colony Optimization,8630.77,179.77
185,400,Lib Optimization,8630.77,38.43
186,400,Nearest Neighbor,12596.25,0.02
186,400,Ant Colony Optimization,9209.99,180.05
186,400,Lib Optimization,9209.99,34.11
187,400,Nearest Neighbor,15631.49,0.02
187,400,Ant Colony Optimization,9780.0,179.47
187,400,Lib Optimization,9780.0,42.82
188,400,Nearest Neighbor,11816.13,0.02
188,400,Ant Colony Optimization,8658.14,179.51
188,400,Lib Optimization,8658.14,28.92
189,400,Nearest Neighbor,10805.19,0.02
189,400,Ant Colony Optimization,9387.39,179.62
189,400,Lib Optimization,9387.39,40.81
190,400,Nearest Neighbor,12586.44,0.02
190,400,Ant Colony Optimization,8651.07,178.82
190,400,Lib Optimization,8651.07,26.88
191,400,Nearest Neighbor,11519.57,0.02
191,400,Ant Colony Optimization,8644.82,179.33
191,400,Lib Optimization,8644.82,40.63
192,400,Nearest Neighbor,21091.47,0.02
192,400,Ant Colony Optimization,9294.3,179.52
192,400,Lib Optimization,9294.3,37.17
193,400,Nearest Neighbor,15766.85,0.02
193,400,Ant Colony Optimization,9216.96,179.35
193,400,Lib Optimization,9216.96,42.44
194,400,Nearest Neighbor,16491.59,0.02
194,400,Ant Colony Optimization,9159.31,179.5
194,400,Lib Optimization,9159.31,37.54
195,400,Nearest Neighbor,11390.43,0.02
195,400,Ant Colony Optimization,8942.15,179.64
195,400,Lib Optimization,8942.15,35.25
196,400,Nearest Neighbor,15905.96,0.02
196,400,Ant Colony Optimization,9362.22,180.01
196,400,Lib Optimization,9362.22,29.3
197,400,Nearest Neighbor,11330.86,0.02
197,400,Ant Colony Optimization,8745.49,179.16
197,400,Lib Optimization,8745.49,32.53
198,400,Nearest Neighbor,17758.82,0.02
198,400,Ant Colony Optimization,9430.79,180.05
198,400,Lib Optimization,9430.79,34.29
199,400,Nearest Neighbor,10544.28,0.02
199,400,Ant Colony Optimization,9379.84,179.74
199,400,Lib Optimization,9379.84,37.77
